Date;OPEN;CLOSE;MIN;MAX;0;1;2;3;4;5;6;7;8;9;10;11;12;13;14;15;16;17;date
2019-01-11;87.14125;88.09980374999999;86.6881155;88.11742371074999;3;7;2;5;7;3;5;3;8;9;6;6;5;3;6;7;6;5;2019-01-11
2019-01-12;87.80026441724999;87.96708491964277;86.59740079473366;88.67082159899992;7;5;4;10;5;4;10;8;8;8;6;6;7;5;8;8;7;8;2019-01-12
2019-01-13;87.82633758377133;88.61677462202526;87.25546638947682;89.29912378661486;8;7;10;11;6;7;8;10;5;6;7;3;9;7;10;8;6;7;2019-01-13
2019-01-14;88.82059320365592;88.16332081394887;87.5990755607396;89.32687058491676;5;5;5;6;7;6;6;6;5;4;5;4;6;4;9;8;6;5;2019-01-14
2019-01-15;88.13687181770469;87.99585282279635;87.50307604698868;88.60399723833854;5;4;4;8;7;5;7;6;4;3;7;7;6;5;5;3;7;6;2019-01-15
2019-01-16;88.40943333106348;87.73752163774739;86.99175270382655;89.19627728770993;3;4;3;2;4;3;1;2;5;3;4;1;1;2;3;3;2;2;2019-01-16
2019-01-17;87.96563919400553;87.12996562166248;85.94499808920787;89.0036337364948;12;10;8;13;7;12;7;10;13;10;10;10;6;7;11;7;12;11;2019-01-17
2019-01-18;87.31293854946797;86.12548258519521;85.51399165884033;87.83681618076479;2;6;2;3;2;6;3;4;4;3;3;4;3;4;2;6;3;6;2019-01-18
2019-01-19;86.4269217742434;85.32065717553307;84.27974515799157;86.79855753787264;10;10;5;10;6;7;7;5;7;7;5;10;7;6;7;8;5;5;2019-01-19
2019-01-20;85.19267618976977;86.12127636023826;84.97117523167637;87.05138614492883;11;9;10;8;11;9;8;10;10;6;7;7;8;9;10;10;12;6;2019-01-20
2019-01-21;86.50882210385932;85.60913035397918;84.91569639811195;87.3220050316356;9;8;7;6;7;9;11;11;11;8;10;9;10;12;11;9;9;11;2019-01-21
2019-01-22;85.72042222343936;87.04051672568033;85.4546889145467;87.71072870446808;6;8;6;8;8;9;7;8;5;6;13;5;8;8;9;8;7;8;2019-01-22
2019-01-23;86.88384379557411;86.57106195791003;85.86983635605097;86.97072763936967;5;4;8;7;6;6;7;4;10;7;7;8;6;3;8;7;10;8;2019-01-23
2019-01-24;86.24209192246997;86.7077992188513;86.19034666731648;87.79164670908695;8;4;9;4;7;9;8;6;10;5;6;9;9;11;10;7;9;10;2019-01-24
2019-01-25;86.7077992188513;86.95058105666408;86.69045765900754;87.5940153564834;5;4;7;8;4;4;6;5;4;4;2;3;2;5;6;6;5;4;2019-01-25
2019-01-26;86.52452320948642;87.80508615298682;85.89289419005716;88.43728277328833;4;5;5;7;8;9;7;4;7;2;4;8;7;8;2;6;7;8;2019-01-26
2019-01-27;87.72606157544912;88.90159080056014;86.59439538112582;88.90159080056014;7;8;6;7;2;6;6;8;7;7;7;7;7;8;5;5;12;7;2019-01-27
2019-01-28;89.23052668652223;89.78375595197866;88.40068278833758;90.87013939899761;3;2;6;2;5;5;5;3;7;3;3;4;4;4;3;4;5;5;2019-01-28
2019-01-29;89.81069107876425;88.54436033455367;88.52665146248677;90.75370333509127;5;6;7;6;6;8;6;8;9;8;3;8;8;6;6;6;7;6;2019-01-29
2019-01-30;88.27872725355002;89.02909643520519;87.35180061738775;89.10031971235334;8;8;7;12;9;6;8;9;10;11;10;10;9;11;10;8;10;6;2019-01-30
2019-01-31;88.8154266037607;88.58450649459091;87.62779382444933;89.95226406428883;3;5;2;8;7;9;8;6;6;11;9;8;7;5;9;6;8;4;2019-01-31
2019-02-01;88.97427832316711;87.69304871531351;86.80734892328884;89.1878165911427;8;5;9;7;6;7;6;6;9;3;7;9;9;11;9;7;5;9;2019-02-01
2019-02-02;88.11397534914701;88.22852351710091;88.00823857872804;88.53732334941077;5;3;7;6;4;4;3;5;6;8;4;5;3;3;4;4;7;3;2019-02-02
2019-02-03;88.0344207653633;86.7755285484186;86.31561824711198;89.1524579090834;7;5;8;5;5;5;3;7;4;7;7;2;9;2;4;3;3;6;2019-02-03
2019-02-04;86.99246736978965;86.21823441019852;85.58021947556306;87.67100861527402;10;12;10;10;6;3;8;4;11;9;10;10;7;10;11;9;9;5;2019-02-04
2019-02-05;86.17512529299343;86.96793644568898;85.87351235446796;88.26375869872973;7;7;6;5;4;5;4;9;6;5;5;2;6;6;7;5;2;6;2019-02-05
2019-02-06;87.06360117577924;87.38573650012962;87.04618845554408;87.54303082582986;12;5;8;11;9;8;10;11;10;10;10;14;10;8;11;11;4;12;2019-02-06
2019-02-07;87.13231786427924;87.4285677450178;86.85349444711355;87.76953915922337;4;3;7;6;5;3;5;6;3;7;4;6;5;7;4;6;5;3;2019-02-07
2019-02-08;87.4198248882433;86.60682051678263;86.54619574242088;88.07547357490513;7;9;8;9;9;11;8;9;12;9;9;8;12;6;10;6;10;8;2019-02-08
2019-02-09;87.03119393731485;87.51856862336382;86.81361595247157;88.75258044095325;7;12;7;9;2;7;9;10;5;4;7;4;7;6;8;5;9;8;2019-02-09
2019-02-10;87.12473506455869;87.82173294507517;86.05310082326463;88.76142548758747;6;9;4;8;4;3;3;4;4;8;5;6;7;5;4;4;5;3;2019-02-10
2019-02-11;87.4967925331784;87.92552681659096;86.90181434395278;88.07500021217916;6;9;6;9;10;8;10;9;11;11;11;3;8;10;6;7;10;9;2019-02-11
2019-02-12;87.60020236736958;87.53012220547568;86.68108002008256;88.89668536240664;13;10;6;7;8;9;8;7;13;10;9;9;7;10;11;8;10;8;2019-02-12
2019-02-13;87.91525474317977;88.50428694995907;86.73719032962117;88.71669723863897;11;7;13;9;11;5;11;10;7;11;9;10;5;7;9;6;10;10;2019-02-13
2019-02-14;88.654744237774;89.11574890781043;87.3958468695976;89.76629387483744;6;8;5;5;8;5;6;6;6;8;7;9;7;2;8;8;5;8;2019-02-14
2019-02-15;89.30289198051683;88.40093277151361;87.66720502951004;89.52614921046812;9;8;5;7;6;7;8;8;10;6;8;9;8;7;11;10;11;9;2019-02-15
2019-02-16;88.04732904042756;87.16685575002327;86.112136795448;88.78692660436714;0;4;7;4;5;5;6;4;7;7;6;4;4;6;4;6;7;7;2019-02-16
2019-02-17;87.30632271922332;87.6118948487406;86.36341443385571;88.67199877641036;9;5;5;9;7;6;5;8;7;8;5;8;8;10;7;10;8;6;2019-02-17
2019-02-18;87.94482004916583;88.76270687562308;86.84550979855126;89.91662206500617;7;13;11;9;11;7;12;8;10;9;9;9;11;9;16;13;7;10;2019-02-18
2019-02-19;89.15326278587582;89.83082758304849;88.90363365007536;89.93862457614816;6;3;6;5;9;9;3;7;5;8;7;4;7;3;5;6;4;4;2019-02-19
2019-02-20;89.45353810719969;90.43752702637887;88.88103546331362;91.56799611420861;6;3;3;7;6;5;4;5;9;5;4;7;4;8;9;5;3;4;2019-02-20
2019-02-21;90.02151440205752;89.6974369502101;89.16822207220386;90.32758755102452;2;5;3;7;2;1;3;4;4;3;5;6;4;1;3;5;2;4;2019-02-21
2019-02-22;90.05622669801095;89.94815922597333;89.93016959412813;90.35341224611439;4;4;5;5;5;6;5;6;6;3;5;3;7;5;3;4;5;7;2019-02-22
2019-02-23;89.687309564218;89.75009068091295;88.44065596127537;90.18986612524941;9;6;8;6;8;7;7;10;6;3;3;7;9;5;6;6;9;8;2019-02-23
2019-02-24;89.85779078973005;90.1004068248623;89.75894721986134;90.38872812670188;9;10;10;12;14;10;13;7;11;11;6;9;11;7;8;13;8;8;2019-02-24
2019-02-25;90.30763776055949;89.22394610743277;88.97411905833195;90.48825303608061;6;7;8;3;7;10;4;7;11;8;6;8;6;3;9;13;7;5;2019-02-25
2019-02-26;89.52730752419805;89.80484217752307;89.34825290914965;90.0832371882734;10;9;10;8;8;13;11;11;12;6;9;10;9;9;7;9;10;8;2019-02-26
2019-02-27;90.05629573562013;89.90320003286956;89.11205187258031;91.01089247041769;5;9;4;5;10;8;6;5;4;9;7;6;9;7;6;7;6;9;2019-02-27
2019-02-28;89.71440331280054;89.34657425921806;88.39950057207034;90.77303327189159;5;4;5;5;8;9;4;7;7;5;6;5;7;7;8;5;9;7;2019-02-28
2019-03-01;89.1589464532737;89.41750739798819;88.17819804228769;89.44433265020758;6;6;10;5;6;9;5;6;4;7;8;3;8;5;8;6;7;7;2019-03-01
2019-03-02;89.03301211617685;89.36243426100671;87.75093674170391;90.16669616935576;6;8;9;6;9;5;9;6;5;6;7;4;6;10;10;7;7;3;2019-03-02
2019-03-03;89.74669272832904;90.94929841088866;89.62104735850939;91.71327251754012;6;8;9;5;7;9;7;7;6;11;7;7;8;9;7;9;7;10;2019-03-03
2019-03-04;91.38585504326092;91.97072451553778;90.03334438862065;92.81685518108074;6;3;6;5;5;5;5;6;5;4;5;5;3;2;4;3;6;5;2019-03-04
2019-03-05;92.3845927758577;92.578600420687;91.03577772133018;93.12481416316905;8;3;4;8;7;7;3;6;6;4;6;8;10;5;9;4;6;7;2019-03-05
2019-03-06;92.85633622194905;93.64561507983561;92.35491200635053;93.992103855631;11;9;11;13;5;10;9;8;7;7;9;10;8;8;5;8;10;8;2019-03-06
2019-03-07;93.3084908655482;93.47644614910618;92.50603784410447;94.78511639519367;7;5;8;7;6;8;6;7;4;7;6;8;6;5;4;7;5;6;2019-03-07
2019-03-08;93.64470375217458;92.72698565540327;91.4473532533587;94.83399148982718;6;6;7;7;7;6;8;5;7;9;9;7;9;5;5;5;5;9;2019-03-08
2019-03-09;92.4117139041749;93.43748392851126;91.80179659240734;94.82035869065322;4;6;4;3;5;4;5;4;3;3;8;2;4;3;4;4;4;2;2019-03-09
2019-03-10;93.40010893493985;93.84842945782755;92.98914845562612;94.43967456341186;3;3;2;1;1;1;4;2;5;3;3;3;2;1;5;1;3;2;2019-03-10
2019-03-11;93.7170416565866;94.36368924401704;92.88295998584297;95.59041720418925;6;8;6;6;5;5;4;9;6;7;4;5;6;5;2;7;4;7;2019-03-11
2019-03-12;94.7033985252955;95.96295372568194;94.69392818544297;96.81702401384051;8;6;10;9;7;5;10;6;7;5;4;11;4;7;6;5;9;5;2019-03-12
2019-03-13;95.92456854419167;96.26030453409635;95.8382364325019;97.37692406669187;5;7;7;11;8;6;7;6;7;8;6;5;3;11;10;6;6;6;2019-03-13
2019-03-14;96.19292232092248;97.35685668100564;94.97127220744676;98.262275448139;6;7;7;5;5;6;7;8;5;3;2;6;7;10;8;7;9;7;2019-03-14
2019-03-15;97.70734136505726;97.32628273373354;96.09023894301511;98.38152202047614;8;6;6;5;6;1;6;9;5;6;7;5;4;6;7;5;3;5;2019-03-15
2019-03-16;96.90777971797849;97.32448317076579;96.57829326693737;97.78190824166838;6;5;6;7;4;6;7;7;9;3;6;5;6;8;3;6;5;5;2019-03-16
2019-03-17;96.89625544481443;98.2237341444084;96.57649780184654;98.9702345239059;5;5;2;5;3;7;5;5;4;5;7;7;6;6;4;5;8;7;2019-03-17
2019-03-18;98.15497753050731;96.97711780014122;96.2788825519802;98.68501440917206;5;9;10;8;13;8;8;6;13;10;8;9;11;10;8;5;9;8;2019-03-18
2019-03-19;97.36502627134178;96.50821404015396;95.58173518536847;98.41656855507226;8;7;8;7;5;6;4;4;7;6;4;7;8;2;6;5;4;5;2019-03-19
2019-03-20;96.43100746892183;96.54672467788455;96.25743165547777;97.13565969841964;6;3;8;5;6;3;4;5;4;4;4;6;8;6;10;8;6;7;2019-03-20
2019-03-21;96.59499804022349;96.18929904845454;95.10235996920701;97.44503402297745;8;5;10;10;6;9;8;8;6;8;7;9;6;4;10;4;8;5;2019-03-21
2019-03-22;96.035396169977;95.70887582299909;95.13462256806109;96.48676253197588;7;4;6;7;5;5;5;2;3;6;7;3;5;6;8;5;5;7;2019-03-22
2019-03-23;95.5940251720115;94.97266400839342;93.80450024109018;95.89992605256194;10;4;5;8;10;2;6;6;5;5;7;3;5;8;3;5;6;7;2019-03-23
2019-03-24;95.4285327956337;96.12516108504184;95.06590437101029;97.45168830801542;5;5;8;3;5;5;7;1;6;3;4;6;3;5;8;4;5;5;2019-03-24
2019-03-25;95.7983355373527;95.30018419255846;95.22394404520442;96.24858771437825;6;7;9;7;7;5;4;2;7;8;9;6;4;7;6;6;4;7;2019-03-25
2019-03-26;95.14770389785036;93.73000310977238;92.91455208271736;96.27996157423479;10;12;5;9;9;16;12;8;14;13;11;9;5;14;14;9;9;10;2019-03-26
2019-03-27;93.94558211692485;93.391303182435;92.06514667724441;94.09589504831193;6;5;5;7;5;6;6;9;3;5;9;8;7;6;5;9;8;7;2019-03-27
2019-03-28;93.44733796434446;92.38203831155093;91.31964487096809;93.8958851865733;6;7;6;5;7;5;7;3;6;5;5;8;2;5;4;5;5;5;2019-03-28
2019-03-29;92.326609088564;92.97289535218394;91.15406115313922;94.29311046618496;5;5;4;6;8;6;3;3;6;4;6;6;6;6;3;6;6;5;2019-03-29
2019-03-30;92.61030106031042;92.18429367543298;92.10132781112509;93.29561728815672;6;4;7;7;4;7;7;7;4;9;4;6;4;4;7;6;6;4;2019-03-30
2019-03-31;92.53459399139963;93.04353425835234;91.68327572667876;93.45292580908908;6;6;4;5;2;2;6;2;4;3;5;6;4;6;5;4;5;3;2019-03-31
2019-04-01;92.75509930215145;91.80899728926951;91.64374109414882;92.94060950075576;10;8;10;9;7;6;10;8;9;4;9;10;7;7;6;4;10;8;2019-04-01
2019-04-02;92.18541417815551;91.18059316361361;90.0225996304357;93.32851331396463;9;11;9;9;8;8;9;10;11;9;15;8;9;7;9;7;9;9;2019-04-02
2019-04-03;91.19882928224632;90.79755443340444;90.53424152554757;91.87370061893495;9;6;10;7;5;8;6;8;5;4;8;9;8;3;8;9;5;4;2019-04-03
2019-04-04;91.20614342835476;91.25174650006893;90.54945919567061;91.46162551701909;7;4;8;2;7;4;5;7;8;8;5;9;7;6;4;5;8;4;2019-04-04
2019-04-05;91.02361713381876;91.66988481546888;90.84156989955112;91.91739350447064;11;4;5;4;7;6;8;9;10;5;10;10;9;8;11;10;4;7;2019-04-05
2019-04-06;91.55988095369031;90.66259412034414;89.34798650559915;91.66975281083475;3;6;5;6;5;9;6;6;7;8;6;9;8;8;7;8;7;6;2019-04-06
2019-04-07;90.86205182740889;90.37139674754089;89.3230885452694;91.42539654873883;8;9;5;9;4;5;6;12;8;11;7;11;10;11;12;6;11;7;2019-04-07
2019-04-08;90.1725796746963;89.10854323453488;88.22636865651297;90.5873735411999;9;6;9;5;6;8;11;7;8;6;2;7;5;10;8;11;10;9;2019-04-08
2019-04-09;89.20656263209287;89.63475413272691;88.62671997498427;89.68853498520654;8;11;6;4;7;6;5;6;4;8;8;6;5;11;10;5;8;7;2019-04-09
2019-04-10;89.63475413272691;90.37872259202854;89.15968993582347;91.5355702412065;7;10;9;9;13;8;10;7;11;11;7;12;14;12;8;9;11;6;2019-04-10
2019-04-11;90.19796514684448;90.79327171681365;89.3771636640082;90.86590633418709;4;7;3;4;5;3;1;5;5;3;4;7;2;3;6;2;3;5;2019-04-11
2019-04-12;90.33930535822958;90.99878228734467;89.78823559554438;91.4810758334676;3;7;7;8;6;10;9;4;7;6;6;9;8;4;6;5;6;9;2019-04-12
2019-04-13;91.18077985191935;92.22935882021643;90.11396472765189;93.27155057488488;10;5;8;4;8;4;5;11;10;6;8;7;5;8;10;11;10;7;2019-04-13
2019-04-14;92.09101478198612;91.81474173764016;91.71374552172875;92.45937884111406;8;4;3;5;8;4;4;7;4;6;6;5;4;4;3;2;4;3;2019-04-14
2019-04-15;92.15445628206943;92.68895212850543;91.23291171924873;93.34704368861783;9;5;6;8;5;6;7;7;10;5;4;7;7;7;7;9;4;10;2019-04-15
2019-04-16;92.66114544286688;93.10591894099264;91.79939679024822;93.76697096547369;6;6;7;4;7;7;4;8;8;4;5;4;4;9;8;3;6;5;2019-04-16
2019-04-17;92.64969993818177;94.02091549726686;92.17718646849704;94.54743262405155;12;12;7;10;8;7;5;8;7;11;8;8;9;10;9;8;6;10;2019-04-17
2019-04-18;94.25596778601002;93.32283370492851;92.09097230002345;95.0571435121911;5;2;6;5;6;5;4;5;4;5;3;5;4;3;2;3;4;3;2019-04-18
2019-04-19;93.65879590626626;94.04279696948196;92.60981739211608;94.20266972433008;6;2;5;6;7;6;5;2;4;3;2;4;3;4;4;3;2;3;2019-04-19
2019-04-20;93.92994561311858;92.90610920593558;91.56826123337011;94.12719849890613;10;6;5;8;5;6;6;11;7;5;7;7;10;11;7;7;10;9;2019-04-20
2019-04-21;92.91539981685617;93.73305533524449;91.62387575940187;94.75474563839865;11;8;7;7;11;9;4;8;9;11;5;7;8;10;8;5;7;5;2019-04-21
2019-04-22;94.13610747318603;93.80663109702988;93.66592115038434;95.47284019930527;5;6;5;5;6;1;4;6;6;4;5;7;3;3;6;3;6;4;2019-04-22
2019-04-23;94.25690292629561;93.87987531459042;93.4480278881433;95.29372885848485;6;7;4;4;3;4;4;3;6;6;3;5;4;4;0;3;5;4;2019-04-23
2019-04-24;94.18029091559713;94.84897098109788;93.82240581011786;95.58879295475045;12;10;10;11;10;11;11;10;7;11;9;9;6;11;9;8;10;8;2019-04-24
2019-04-25;94.89639546658842;95.7789319444277;93.85253511645594;96.99532438012193;9;4;7;12;9;8;3;10;11;7;8;4;10;8;8;8;8;11;2019-04-25
2019-04-26;95.47243936220553;94.06899450358111;93.40110464260569;95.52972282582286;3;4;6;7;4;4;11;5;5;5;6;4;8;6;9;5;4;5;2019-04-26
2019-04-27;94.10662210138254;93.69255296413647;92.30590318026725;95.01004567355582;9;4;9;6;9;8;5;3;5;5;8;7;7;10;9;6;6;7;2019-04-27
2019-04-28;93.97363062302887;94.17097524733722;93.0996758582347;95.24452436515688;10;8;12;11;3;12;9;6;8;6;9;8;12;12;8;9;9;8;2019-04-28
2019-04-29;93.94496490674362;94.47105671022139;93.72889148745811;94.63165750662877;14;10;8;8;9;8;8;9;8;13;11;11;7;11;7;11;10;11;2019-04-29
2019-04-30;94.0931724833805;92.81350533760653;91.89465163476422;94.70477810452246;9;7;8;9;10;10;10;8;10;11;10;9;7;11;8;7;9;11;2019-04-30
2019-05-01;93.0084136988155;91.76210095525138;91.073885198087;94.03150624950247;9;9;6;8;12;7;6;7;9;9;7;7;5;7;5;11;9;8;2019-05-01
2019-05-02;92.15667798935897;90.84805316191007;90.00316626750431;93.46530281680786;5;6;9;2;8;6;11;6;8;6;5;9;4;6;5;7;11;8;2019-05-02
2019-05-03;91.29320862240343;91.37537251016359;90.06075030600098;92.67290279980791;10;5;6;5;6;6;3;5;10;5;6;5;2;7;7;7;6;5;2019-05-03
2019-05-04;91.43019773366967;91.3113384766159;90.54432323341233;92.10678119689884;6;6;4;7;6;5;8;3;5;7;5;1;4;5;4;6;6;4;2019-05-04
2019-05-05;91.0739289965767;90.86445895988457;89.67413454751008;92.00288307234177;6;8;10;7;9;12;7;12;6;7;11;7;7;10;11;9;7;8;2019-05-05
2019-05-06;90.83719962219661;89.81073926646579;88.49052139924873;91.05520890128987;6;6;5;6;8;7;9;8;5;7;7;8;5;7;7;6;9;7;2019-05-06
2019-05-07;89.56825027044633;90.84011942428667;88.54717221736324;91.43966421248696;10;7;7;10;8;6;9;7;8;8;8;10;9;7;3;4;8;8;2019-05-07
2019-05-08;90.9763796034231;89.78458903061825;89.03937694166412;92.08629143458487;7;10;11;11;7;9;8;7;7;9;10;7;11;9;8;8;10;11;2019-05-08
2019-05-09;89.95517974977642;90.70180774169957;89.41544867127776;90.92856226105381;11;9;13;10;10;11;9;9;10;13;11;10;11;9;12;12;8;7;2019-05-09
2019-05-10;90.71087792247374;89.75841370428778;89.61480024236091;91.95361695001164;6;7;4;9;7;8;4;5;9;5;7;5;4;8;8;10;9;5;2019-05-10
2019-05-11;90.00076142128934;88.89375205580748;87.93369953360475;91.01777002534992;5;5;3;5;3;6;5;8;5;4;5;4;9;6;7;3;6;6;2019-05-11
2019-05-12;88.52928767237867;87.28987764496537;86.84469926897604;88.98963996827504;9;9;9;7;10;9;9;9;7;9;9;6;10;8;8;9;10;12;2019-05-12
2019-05-13;87.51683132684228;87.45556954491349;86.432339381238;87.9456638003438;5;3;8;4;5;2;7;7;6;5;8;5;5;7;6;5;5;3;2019-05-13
2019-05-14;87.60424401313985;86.60555563139006;85.80878451958128;88.23499457003446;4;9;7;8;4;8;6;7;5;6;7;6;1;3;8;6;5;6;2019-05-14
2019-05-15;86.44966563125355;85.79264817245603;85.74117258355255;87.28822738787672;12;12;8;5;2;7;9;7;4;11;10;5;4;6;8;6;9;11;2019-05-15
2019-05-16;85.68111772983184;86.93206204868738;84.74719354657667;87.71445060712556;6;3;5;2;8;5;7;7;6;6;4;5;7;8;3;5;8;5;2019-05-16
2019-05-17;86.66257265633645;87.66785849914996;86.04726839047646;88.00976314729664;4;5;5;4;3;7;4;8;7;6;3;2;6;5;6;5;5;4;2019-05-17
2019-05-18;87.30842027930345;88.05054185167752;86.43533607651041;88.26186315212155;4;7;5;7;5;4;6;5;7;6;8;7;10;5;5;7;6;5;2019-05-18
2019-05-19;87.78639022612249;87.0753204652909;86.70089658729015;88.47990270890887;5;6;6;3;6;6;6;5;3;6;5;7;6;6;10;8;6;8;2019-05-19
2019-05-20;86.93599995254642;87.37937355230441;86.82298315260812;88.13083616485423;5;9;7;5;6;7;7;6;6;6;8;6;7;5;6;10;7;8;2019-05-20
2019-05-21;87.21335274255503;85.983644468885;85.57092297543436;88.2947983165627;11;8;15;14;20;17;12;14;10;15;10;16;17;15;15;12;12;18;2019-05-21
2019-05-22;86.02663629111944;86.11266292741055;85.49327114611451;86.1212741937033;7;6;9;7;3;3;6;4;4;5;6;5;6;7;8;4;6;7;2019-05-22
2019-05-23;86.30211078585086;85.37004798936367;85.12247485019451;87.3204756931239;9;7;9;6;8;5;6;5;6;8;3;6;8;5;4;11;10;9;2019-05-23
2019-05-24;85.25052992217856;86.34173670518244;84.6537762127233;87.51598432437292;4;5;3;2;0;4;7;4;5;3;6;2;6;3;5;7;5;2;2019-05-24
2019-05-25;86.09997984240793;84.86014013267726;83.64664012877998;87.01263962873745;3;2;6;5;4;2;6;6;5;6;8;4;4;5;5;6;6;5;2019-05-25
2019-05-26;85.00440237090281;84.72388784307883;83.8427594095108;86.22846576504381;11;5;9;8;8;7;6;10;7;5;7;8;8;11;9;4;7;7;2019-05-26
2019-05-27;84.64763634402006;85.62954892561069;84.43601725316002;85.78368211367679;10;6;10;7;6;9;3;7;10;10;5;8;7;8;5;5;5;4;2019-05-27
2019-05-28;86.0234448506685;86.22129877382503;84.84492365621433;86.39374137137267;6;4;4;3;6;6;5;3;3;4;2;7;5;4;5;5;6;4;2019-05-28
2019-05-29;85.81605866958805;84.63179705994773;84.58101798171175;86.54549516827954;4;7;6;4;5;6;8;7;4;8;4;5;6;5;9;5;7;4;2019-05-29
2019-05-30;84.63179705994773;83.85318452699622;82.63731335135478;84.9957137873055;3;5;2;4;8;3;7;10;5;6;4;5;4;9;5;5;6;4;2019-05-30
2019-05-31;83.9118817561651;83.8615346271114;82.82165159773521;84.27270284771662;4;3;5;3;3;5;4;4;4;5;3;0;1;4;3;3;5;6;2019-05-31
2019-06-01;84.14666384484359;85.34996113782485;83.51556386600727;85.54626604844184;12;8;10;4;7;12;10;7;5;9;12;6;9;10;10;11;11;9;2019-06-01
2019-06-02;85.2304711922319;86.20209856382336;85.06853329696666;86.96929724104137;7;6;7;8;6;11;6;7;6;5;6;4;6;7;4;7;9;9;2019-06-02
2019-06-03;86.26244003281802;87.53912414530372;85.11514958038154;87.5653858825473;8;8;6;7;11;8;9;8;5;11;8;8;8;8;8;9;9;8;2019-06-03
2019-06-04;87.33778415976953;88.20242822295124;86.8923614605547;89.21675614751518;8;9;4;10;5;10;6;9;10;9;7;7;9;11;12;11;7;6;2019-06-04
2019-06-05;88.56405817866533;88.56405817866533;88.12123788777201;88.81203754156559;2;7;5;5;8;6;6;7;7;9;5;8;9;5;5;4;3;6;2019-06-05
2019-06-06;88.96259644046933;88.77577498794435;87.75485357558298;90.19917653099185;10;9;10;11;8;11;7;5;6;7;5;8;8;7;9;11;7;8;2019-06-06
2019-06-07;88.90893865042626;89.5401921148443;88.18877624735781;89.79985867197735;4;4;2;1;2;3;2;2;1;3;2;3;0;4;3;3;4;2;2019-06-07
2019-06-08;89.96998503699555;89.1512581731589;87.89422543291735;90.01497002951405;7;8;9;7;7;8;14;5;7;8;9;6;7;6;6;8;9;4;2019-06-08
2019-06-09;89.54352370912079;90.77026998393575;88.70181458625505;91.91397538573334;5;7;11;8;4;6;7;12;6;5;6;3;7;5;8;4;4;5;2019-06-09
2019-06-10;90.89734836191326;89.88838779509602;88.87264901301144;92.17900097381623;9;7;9;8;7;5;11;12;10;4;6;7;9;4;6;8;9;9;2019-06-10
2019-06-11;89.46591237245907;90.14585330648977;88.82175780337737;90.55150964636897;3;9;5;5;6;8;4;6;7;9;9;7;4;8;7;4;9;7;2019-06-11
2019-06-12;90.43432003707055;91.6461399255673;90.39814630905572;92.27849829105371;8;5;7;7;6;6;8;3;6;4;3;5;7;6;5;5;6;8;2019-06-12
2019-06-13;91.9852306432919;91.12976799830929;90.51919855272061;92.27958338135045;7;9;10;10;7;11;11;9;6;11;8;11;6;10;7;9;10;8;2019-06-13
2019-06-14;91.2482366967071;89.94338691194419;89.88942087979702;91.37598422808249;15;12;10;13;10;15;14;12;12;14;16;14;14;13;17;14;9;13;2019-06-14
2019-06-15;89.67355675120835;89.76323030795955;88.4450290237168;90.54417041163879;8;7;7;3;6;5;5;1;7;7;6;7;10;4;6;7;8;8;2019-06-15
2019-06-16;89.95173309160626;88.62044744185049;88.23051747310635;90.70732764957575;8;5;8;6;4;7;6;2;7;4;6;7;7;9;4;4;5;4;2019-06-16
2019-06-17;88.40775836799006;87.33802449173737;86.263766790489;88.44312147133725;8;8;6;3;5;7;5;7;3;8;5;7;8;10;6;8;6;5;2019-06-17
2019-06-18;87.65244137990763;87.63491089163165;86.98641255103358;88.69550543232853;9;11;6;8;11;7;5;8;5;7;7;8;10;8;7;8;10;12;2019-06-18
2019-06-19;87.52974899856169;87.13586512806816;86.69147221591501;88.0461745176532;4;9;8;6;6;7;11;4;4;7;7;4;6;8;5;11;8;11;2019-06-19
2019-06-20;86.71761297545343;87.1685445629258;85.84176508440136;87.34288165205166;6;5;5;3;5;4;5;7;3;6;7;4;5;5;4;5;8;6;2019-06-20
2019-06-21;87.15111085401323;86.72407041082856;86.48991542071931;87.25569218703805;6;5;10;11;5;8;6;9;7;10;7;8;7;9;10;8;8;9;2019-06-21
2019-06-22;86.84548410940373;86.52415581819893;85.65026184443512;87.23628878789604;6;6;6;4;3;7;2;3;6;3;4;3;7;6;3;3;9;5;2019-06-22
2019-06-23;86.62798480518079;86.40275204468732;85.47824259780916;87.84943939093384;11;14;11;14;9;11;12;10;11;15;13;10;11;14;13;6;11;12;2019-06-23
2019-06-24;86.3509103934605;85.20244328522747;83.96700785759168;86.81720530958519;5;5;5;7;9;4;5;6;5;5;4;6;8;7;4;6;4;7;2019-06-24
2019-06-25;84.88719424507212;84.06378846089493;83.97131829358794;85.20127686377889;9;10;9;12;13;13;12;11;15;6;14;8;13;14;9;14;14;12;2019-06-25
2019-06-26;84.40004361473851;84.29032355803935;83.71714935784468;84.92332388514988;9;7;13;8;9;10;9;10;9;14;7;8;10;12;8;11;10;9;2019-06-26
2019-06-27;84.1807461374139;84.66057639039717;83.4652097952459;85.38865734735458;13;12;10;6;10;9;11;8;9;7;10;12;10;9;11;6;12;9;2019-06-27
2019-06-28;85.03308292651491;85.41573179968422;84.1232289392012;85.52677225102381;8;10;11;8;10;7;9;12;10;13;10;12;10;8;11;8;7;10;2019-06-28
2019-06-29;85.72322843416309;86.50330981291398;84.45452465333747;86.80607139725919;8;8;8;7;8;7;8;7;6;6;4;11;10;6;7;6;5;6;2019-06-29
2019-06-30;86.08809392581199;85.46825964954614;85.16912074077274;86.32914058880425;3;2;3;4;4;4;2;4;2;6;6;6;3;3;3;4;3;4;2019-06-30
2019-07-01;85.44261917165127;86.67299288772305;84.40876347967429;87.27103653864833;6;6;4;6;6;5;6;4;4;4;5;6;4;7;6;4;4;6;2019-07-01
2019-07-02;86.66432558843428;87.0889807838176;86.57766126284585;87.21090535691495;5;8;7;5;5;5;5;7;4;4;4;6;8;7;4;4;4;4;2019-07-02
2019-07-03;86.68837147221204;85.84749426893158;84.64562934916654;86.93976774948145;13;9;12;11;9;14;7;7;13;14;9;13;12;11;8;8;11;12;2019-07-03
2019-07-04;86.01060450804256;85.06448785845409;84.1117655944394;86.52666813509082;5;5;5;6;5;7;7;7;7;6;10;10;6;6;4;9;5;8;2019-07-04
2019-07-05;85.26013618052853;85.83137909293806;85.02140779922306;86.46653129822582;7;8;8;7;8;7;5;9;3;8;7;8;7;10;7;7;9;8;2019-07-05
2019-07-06;86.09745636812617;85.64974959501193;84.42495817580325;86.29548051777286;3;4;6;3;6;5;4;4;5;4;5;6;4;2;4;5;5;3;2019-07-06
2019-07-07;85.29002064671288;86.4414359254435;84.69299050218588;86.49330078699876;4;5;6;5;5;2;6;3;3;6;5;3;8;3;3;4;5;3;2019-07-07
2019-07-08;86.40685935107332;87.09811422588191;85.23172606389873;88.01264442525367;6;6;2;8;7;6;6;6;6;5;4;7;9;4;4;8;7;8;2019-07-08
2019-07-09;87.51618517416614;87.42866898899197;86.39701069492186;88.56637939625614;9;4;5;5;6;4;7;6;7;7;4;4;5;7;5;11;6;8;2019-07-09
2019-07-10;87.25381165101399;87.59410151645295;86.0671598125602;88.79414070722837;6;2;4;4;2;4;6;3;4;4;3;4;2;4;5;3;4;3;2019-07-10
2019-07-11;87.43643213372333;87.67251050048438;86.55332416917273;88.20731281453733;8;3;6;6;8;6;7;7;3;10;5;7;4;7;4;7;7;7;2019-07-11
2019-07-12;87.78648476413501;87.37388828574358;86.9894431772863;88.92770906606876;6;8;5;5;3;10;10;5;7;7;10;9;4;7;6;7;4;9;2019-07-12
2019-07-13;87.46126217402932;87.59245406729036;86.2193122511581;87.64500953973074;3;2;0;2;3;3;4;4;3;4;4;4;2;3;1;5;2;3;2019-07-13
2019-07-14;87.62749104891728;88.88932692002169;87.45223606681944;90.07155496805798;10;8;9;9;11;8;9;10;7;7;10;5;8;8;12;4;8;9;2019-07-14
2019-07-15;89.32488462192978;90.3431883066198;88.1636611218447;90.84911016113686;10;7;7;4;9;6;8;4;6;8;5;8;11;9;5;10;11;7;2019-07-15
2019-07-16;90.28898239363582;91.23701670876899;89.13328341899728;91.81180991403423;11;10;8;10;10;7;10;11;11;12;5;6;9;9;10;12;4;7;2019-07-16
2019-07-17;91.0362952720097;90.03489602401758;88.71138305246453;92.0103836314202;5;6;13;8;11;11;12;10;8;11;11;10;10;8;6;9;7;11;2019-07-17
2019-07-18;89.91785065918637;88.66799253502367;88.32218736413708;90.8979552313715;5;4;4;4;5;3;6;6;6;6;5;8;4;5;5;3;7;3;2019-07-18
2019-07-19;88.99606410740326;90.33990467542503;88.8269715855992;90.71029828459427;8;8;10;8;6;9;10;7;8;10;9;9;7;9;9;4;3;11;2019-07-19
2019-07-20;90.29473472308733;91.23379996420744;89.07575580432565;91.36152728415733;8;4;7;4;4;6;2;4;4;5;1;4;3;6;7;6;6;3;2019-07-20
2019-07-21;91.3432805241645;91.47116111689833;90.03707161266895;92.78834583698166;5;6;2;5;5;4;6;5;6;8;8;6;5;9;4;5;5;6;2019-07-21
2019-07-22;91.7821630646958;90.64406424269357;90.48996933348099;93.06711334760153;5;7;6;5;5;6;8;5;6;4;8;6;5;5;4;5;6;5;2019-07-22
2019-07-23;90.77096593263335;89.99033562561269;88.98244386660582;91.66052139877316;11;12;11;8;9;8;9;12;9;9;11;15;11;10;8;12;9;13;2019-07-23
2019-07-24;89.62137524954768;90.30249770144425;89.04779844795058;90.98879668397524;7;6;9;10;3;11;9;10;6;10;4;7;9;7;9;7;12;9;2019-07-24
2019-07-25;90.49213294661729;91.73187516798595;89.94013093564293;91.84195341818754;9;7;8;9;10;5;9;5;6;8;5;12;9;9;8;7;10;8;2019-07-25
2019-07-26;91.3557744797972;90.1407426792159;89.45567303485386;91.447130254277;8;9;7;9;10;6;8;11;5;10;8;6;10;6;14;9;7;6;2019-07-26
2019-07-27;90.35708046164602;91.23354414212399;89.71554519036833;91.58023160986406;3;5;4;4;3;3;3;3;2;3;3;4;3;4;4;1;2;3;2019-07-27
2019-07-28;91.48899806572193;92.74239733922232;91.47070026610879;93.61417587421101;5;6;6;7;8;9;6;2;8;5;6;11;6;7;3;7;5;10;2019-07-28
2019-07-29;93.02062453123997;91.70903372534949;90.37925273633192;94.10896583825549;8;9;7;5;6;12;7;8;7;4;7;9;10;7;8;6;8;8;2019-07-29
2019-07-30;91.95664811640792;90.68764637240149;90.29768949300016;92.79345361426724;10;6;4;7;5;4;8;7;5;8;8;9;6;5;7;7;7;6;2019-07-30
2019-07-31;91.06853448716558;90.18516970264007;88.86846622498153;92.2888528492936;6;5;5;7;4;7;6;7;7;4;5;6;4;6;6;8;6;5;2019-07-31
2019-08-01;89.77933643897819;90.5514387323534;89.73444677075871;91.04041650150812;6;8;6;1;5;6;9;5;4;7;5;6;9;5;10;5;10;9;2019-08-01
2019-08-02;90.75970704143782;91.24980945946159;89.52537502567426;92.15318257311026;9;8;6;10;10;8;6;9;9;10;10;7;9;5;7;9;8;7;2019-08-02
2019-08-03;91.3684342117589;92.16333958940119;90.20805509726955;93.4997080134475;4;5;11;9;3;6;10;6;7;3;5;7;7;7;5;3;7;3;2019-08-03
2019-08-04;91.72095555937206;90.92298324600551;90.52292211972309;93.03256522387107;6;5;8;5;6;5;6;2;4;3;6;6;3;5;8;6;5;7;2019-08-04
2019-08-05;91.34122896893713;91.59698441005014;90.82971808671108;91.90841415704432;4;6;4;5;3;6;8;4;7;4;3;6;7;7;3;2;3;7;2019-08-05
2019-08-06;91.8809350617213;90.71404718643744;90.33304818825441;92.0463207448324;7;9;7;8;8;7;9;7;9;5;4;7;7;8;5;6;6;6;2019-08-06
2019-08-07;91.09504618462047;90.66689946755275;90.60343263792547;91.3501123139374;10;7;10;13;13;12;10;13;7;14;8;13;6;10;7;12;8;6;2019-08-07
2019-08-08;90.64876608765924;90.16832762739465;89.91585631003794;91.7274864041024;12;12;10;10;14;9;7;9;13;6;12;10;16;6;12;14;8;12;2019-08-08
2019-08-09;90.56506826895517;90.79148093962756;89.81337820232285;90.80963923581548;10;8;8;5;7;7;6;6;9;4;7;9;6;7;5;7;7;8;2019-08-09
2019-08-10;90.9549056053189;90.61837245457922;89.47658096165152;91.45515758614816;9;10;9;11;7;9;9;10;10;13;15;11;10;13;11;9;8;13;2019-08-10
2019-08-11;90.71805266427926;90.21910337462572;89.37104380290424;91.2170019539328;8;8;8;9;10;8;10;9;9;6;9;6;6;5;8;10;14;4;2019-08-11
2019-08-12;90.39954158137498;89.73962492783095;89.14734340330726;90.5261009395889;5;4;2;7;3;5;7;7;5;2;6;5;6;7;7;4;3;7;2019-08-12
2019-08-13;90.10755739003505;90.64820273437526;89.52185826699983;91.44590691843776;6;5;4;4;4;6;5;5;3;4;6;2;3;6;6;3;7;6;2019-08-13
2019-08-14;91.0198603655862;91.69340733229154;90.15517169211313;92.9037603090778;4;4;7;4;3;4;1;5;5;3;3;5;2;3;5;3;2;5;2019-08-14
2019-08-15;91.53752853982664;90.94253460431777;90.85159206971345;92.80074643367625;9;6;7;6;4;7;10;7;7;12;9;8;7;8;9;6;6;10;2019-08-15
2019-08-16;90.66970700050481;90.99611794570663;90.343296055303;92.14266903182252;10;13;9;6;9;10;4;7;10;8;12;8;8;9;12;7;8;8;2019-08-16
2019-08-17;91.17811018159804;90.83163336290797;90.15039611268617;91.92577068508714;6;8;5;6;3;6;5;7;4;7;3;5;4;5;4;6;4;3;2019-08-17
2019-08-18;90.44105733944747;90.59480713692453;90.41392502224564;91.79971807184563;6;4;3;4;6;7;4;8;7;5;3;5;4;5;5;3;4;6;2019-08-18
2019-08-19;90.21430894694944;91.01721629657729;89.02348006884971;91.43589549154154;11;6;10;4;12;13;11;7;7;7;12;8;9;14;9;10;9;9;2019-08-19
2019-08-20;91.30847138872635;91.58239680289252;90.90671411461595;92.8737085978133;4;8;9;8;10;8;5;9;13;10;10;14;9;10;11;11;8;7;2019-08-20
2019-08-21;91.63734624097425;90.71180904394042;89.3602030891857;91.96724068744176;13;6;8;10;9;10;8;8;5;11;5;14;10;9;14;11;6;10;2019-08-21
2019-08-22;90.65738195851405;91.73620480382037;89.7689396153206;92.11232324351603;4;9;6;12;9;7;10;9;8;6;3;10;9;7;11;4;7;8;2019-08-22
2019-08-23;91.83711462910458;93.15038536830077;90.8085389452586;93.50435683270032;7;6;4;5;5;6;3;7;9;9;7;6;9;7;7;8;6;8;2019-08-23
2019-08-24;93.5323019483108;92.4473272457104;91.44889611145672;94.85110740578199;5;4;7;5;6;5;5;3;5;4;7;5;6;3;4;5;6;4;2019-08-24
2019-08-25;92.40110358208754;91.97605850560994;91.9392680822077;93.14031241074424;9;5;5;4;6;7;7;8;5;5;6;4;6;5;7;7;5;6;2019-08-25
2019-08-26;91.55296863648414;92.24877119812142;90.99449552780159;93.15280915586301;10;8;8;7;7;9;6;7;6;5;6;8;5;7;7;9;5;4;2019-08-26
2019-08-27;92.51629263459596;92.67357033207477;92.3682665663806;92.74770918834042;2;5;4;3;5;3;5;4;3;3;4;3;3;5;5;1;2;4;2019-08-27
2019-08-28;92.23800455151402;91.67535272374978;90.95111743723216;93.03125139065703;8;8;8;10;9;5;8;10;10;10;10;3;9;11;12;8;7;8;2019-08-28
2019-08-29;91.95037878192102;90.9205345395635;89.8385801785427;92.41013067583062;10;10;7;5;11;5;8;4;8;7;9;7;3;8;8;7;8;7;2019-08-29
2019-08-30;91.21148025009012;89.98924641473891;89.23333674485511;91.84083946381573;8;5;8;7;8;5;8;6;8;3;7;8;7;8;8;9;6;5;2019-08-30
2019-08-31;89.62029050443849;88.49107484408256;88.13711054470623;89.81745514354824;5;6;7;6;7;7;6;7;8;7;4;7;7;5;6;8;5;4;2019-08-31
2019-09-01;88.68575520873954;89.40410982593032;88.10929779988274;90.7004694184063;4;2;2;4;5;3;1;3;1;4;3;4;3;2;3;4;6;6;2019-09-01
2019-09-02;89.48457352477365;90.74630601147295;89.06399602920722;91.59024665737967;7;5;8;6;7;7;8;10;10;7;5;8;7;7;9;6;9;7;2019-09-02
2019-09-03;90.81890305628212;89.92887780633056;88.6339019659194;91.01870464300595;6;8;7;3;6;8;6;7;6;4;5;9;9;9;11;7;3;8;2019-09-03
2019-09-04;89.84794181630487;89.65926113849063;89.22889668502587;90.27022714284149;5;6;6;2;5;3;4;6;5;3;3;1;4;5;5;8;6;3;2019-09-04
2019-09-05;89.69512484294603;88.7353870071265;87.43097681812174;90.00008826741205;10;10;8;6;11;7;10;10;7;10;10;7;9;9;9;9;9;7;2019-09-05
2019-09-06;88.42481315260157;89.45938346648701;87.16033832451937;90.38081511619183;3;3;4;2;3;5;2;2;5;3;2;4;3;1;1;2;3;3;2019-09-06
2019-09-07;89.76354537027308;88.49787938055223;87.46245419179976;90.9214951055496;5;6;4;8;4;5;1;4;1;6;6;4;5;7;4;4;5;6;2019-09-07
2019-09-08;88.55982789611862;88.1613086705861;87.78221504330257;88.7812274658589;6;4;4;4;1;5;5;5;3;2;5;5;3;2;3;5;4;6;2019-09-08
2019-09-09;88.47868938180021;88.65564676056381;87.69122904630218;89.36489193464833;8;14;16;10;9;8;12;11;11;10;11;6;6;8;14;10;7;10;2019-09-09
2019-09-10;88.212368526761;87.1008926833238;86.26472411356389;88.90042500126974;5;5;7;3;7;4;6;3;7;6;4;4;6;4;6;7;6;3;2019-09-10
2019-09-11;87.17057339747046;87.12698811077173;86.82204365238404;87.74589918189376;11;9;11;14;11;8;7;12;11;9;12;11;12;13;10;12;12;14;2019-09-11
2019-09-12;87.07471191790526;88.0586561625776;87.00505214837094;89.34431254255124;2;5;4;5;7;6;7;5;9;2;10;9;5;8;5;2;5;6;2019-09-12
2019-09-13;87.91776231271747;87.58367481592914;86.33122826606136;88.2518498095058;10;7;8;6;6;7;6;6;6;4;3;8;3;5;6;6;8;4;2019-09-13
2019-09-14;87.45229930370526;87.24241378537637;86.8323744405851;87.96826786959713;8;6;9;6;10;9;10;8;7;10;9;8;8;7;7;11;9;6;2019-09-14
2019-09-15;87.46924406121835;88.81627041976111;87.33804019512652;89.1892987555241;6;5;7;5;7;6;6;7;6;3;5;5;5;4;7;8;5;5;2019-09-15
2019-09-16;88.67416438708949;89.42789478437975;88.17758906652179;89.65146452134069;5;7;6;7;5;8;4;9;6;5;8;8;8;5;10;7;9;5;2019-09-16
2019-09-17;89.06124041576379;89.32842413701107;88.1884402596893;90.43609659631001;4;4;5;6;4;4;5;2;7;6;6;5;2;3;4;5;5;3;2019-09-17
2019-09-18;89.09617023425484;89.93367423445684;88.77542402141152;91.23771251085647;7;5;5;9;8;9;7;5;6;9;10;7;6;10;7;8;9;8;2019-09-18
2019-09-19;90.30240229881812;89.99537413100215;88.80743519247292;90.59136998617434;6;4;9;9;4;5;8;6;4;11;8;7;6;6;8;7;7;8;2019-09-19
2019-09-20;89.57239587258644;90.56664946677216;89.24993524744512;90.93797272958592;4;7;6;6;4;4;5;5;2;5;7;8;4;5;5;5;6;5;2019-09-20
2019-09-21;90.56664946677216;91.89797921393371;89.49796300306424;92.55964466427405;5;3;4;2;1;4;7;3;3;1;6;4;6;4;0;4;5;2;2019-09-21
2019-09-22;91.84284042640535;90.63051493277679;90.43112779992468;91.85202471044799;4;5;3;5;4;6;5;4;3;4;5;4;3;6;4;4;5;2;2019-09-22
2019-09-23;90.36768643947174;90.94603963268436;89.31942127677387;91.07336408817012;7;8;5;12;5;9;5;9;7;5;9;5;7;9;7;8;7;9;2019-09-23
2019-09-24;90.90056661286802;92.20953477209332;90.2915328165618;93.36215395674448;6;8;6;5;4;8;5;5;7;9;11;8;11;7;8;6;7;6;2019-09-24
2019-09-25;92.14498809775286;92.10813010251375;90.86467034612983;92.17263159418218;10;3;7;6;6;6;7;8;8;5;6;4;9;6;8;7;6;5;2019-09-25
2019-09-26;91.89628140327798;92.41090057913634;91.52869627766486;92.8637139919741;4;6;5;4;6;5;6;3;5;7;5;3;5;3;8;6;4;8;2019-09-26
2019-09-27;92.01353370664606;90.72534423475301;89.81809079240548;92.71283656281658;9;12;10;7;8;7;10;9;7;8;9;8;10;10;6;9;11;8;2019-09-27
2019-09-28;90.3261527201201;89.5674130372711;88.55530126994994;90.46164194920028;8;5;6;8;8;8;7;9;7;5;6;6;10;6;6;7;6;3;2019-09-28
2019-09-29;89.59428326118227;89.0746364182674;88.07700049038282;90.14080838907547;5;7;4;6;6;5;7;3;9;4;6;4;3;9;5;6;7;8;2019-09-29
2019-09-30;89.5111021367169;90.75530645641727;88.43696891107629;90.7825330483542;7;5;6;7;3;3;9;5;6;6;7;5;5;7;6;6;4;6;2019-09-30
2019-10-01;90.47396500640238;89.38827742632554;88.22622981978331;91.16156714045104;10;6;6;9;12;6;7;5;9;9;6;8;6;10;10;10;9;9;2019-10-01
2019-10-02;89.2095008714729;90.43167103341209;88.6831648163312;90.44071420051543;6;9;5;10;6;10;6;8;8;9;6;5;5;7;9;8;11;10;2019-10-02
2019-10-03;90.46784370182544;89.69886703035993;88.80187836005634;91.28205429514186;13;9;11;10;9;7;12;9;7;10;4;9;6;7;7;10;10;11;2019-10-03
2019-10-04;89.58225850322047;89.20601301750695;88.67969754070366;89.82413060117916;8;7;4;8;5;7;9;8;8;11;8;5;5;9;8;6;6;5;2019-10-04
2019-10-05;89.33982203703322;89.27728416160728;88.17917356641952;89.96520079129243;9;10;9;8;9;8;12;10;9;7;7;7;6;7;8;11;9;10;2019-10-05
2019-10-06;89.2951396184396;88.39325870829336;87.44745084011461;89.33978718824882;7;6;9;6;7;5;9;6;8;7;8;3;10;4;6;4;7;4;2019-10-06
2019-10-07;88.25182949436008;88.68426345888244;87.51051412660746;89.95244842634446;4;5;4;4;4;5;6;5;2;2;5;4;5;4;7;3;3;5;2019-10-07
2019-10-08;88.35613168408457;87.82599489398007;86.58764836597494;88.50633710794752;3;7;6;6;7;6;7;4;6;5;6;3;4;7;7;5;3;7;2019-10-08
2019-10-09;88.02799468223621;89.02271102214549;87.20933433169142;90.31354033196659;4;3;4;6;4;4;4;8;3;1;8;4;7;5;5;7;5;8;2019-10-09
2019-10-10;89.43221549284735;89.72734180397376;88.85090609214384;90.21186944971522;4;4;3;6;3;3;6;5;5;5;5;3;5;6;6;4;3;5;2019-10-10
2019-10-11;89.29665056331469;88.50191037330119;87.88239700068807;90.13603907860985;7;8;10;6;9;11;11;8;10;11;10;7;8;12;6;8;9;11;2019-10-11
2019-10-12;88.39570808085323;89.5006544318639;87.77693812428726;90.04660842389826;4;4;6;4;4;7;5;4;5;7;6;6;4;3;3;6;4;5;2019-10-12
2019-10-13;89.62595534806852;89.13301259365414;88.77648054327953;89.7245438989514;8;9;4;5;9;5;9;4;7;7;6;8;8;8;9;7;7;6;2019-10-13
2019-10-14;88.95474656846683;89.45289314925024;88.75015065135936;89.7928141432174;2;6;4;6;5;6;8;2;5;6;7;7;5;6;5;6;6;6;2019-10-14
2019-10-15;89.16664389117264;88.03422751375474;86.80174832856217;89.17556055556176;5;3;6;6;5;6;2;3;6;6;5;7;5;8;5;7;4;4;2019-10-15
2019-10-16;87.63807348994285;87.93604293980867;86.34979380964069;88.02397898274847;4;7;7;3;7;7;7;5;9;4;4;7;7;8;8;7;7;9;2019-10-16
2019-10-17;88.30537432015586;87.94332228544323;86.97594574030336;89.12661430133332;5;8;6;5;8;4;8;9;9;8;8;7;12;6;10;6;6;9;2019-10-17
2019-10-18;87.88176195984342;87.93449101701931;87.65326937874782;88.356576573901;6;11;5;7;8;8;9;5;7;7;10;6;7;8;8;6;7;12;2019-10-18
2019-10-19;88.09277310084995;87.55540718493477;87.02131920110666;88.31300503360207;10;11;8;8;6;7;6;7;9;11;8;8;10;10;8;9;8;10;2019-10-19
2019-10-20;87.27522988194298;86.83012620954507;86.18758327559443;87.6766959393999;8;5;8;8;10;9;4;4;7;6;8;7;7;4;9;7;7;7;2019-10-20
2019-10-21;86.84749223478698;86.12665804923826;85.54960944030836;87.88966214160443;5;8;9;7;10;9;6;12;9;11;7;9;8;4;11;9;8;10;2019-10-21
2019-10-22;86.08359472021364;85.93725260918927;84.88022440209625;87.19407309210439;5;6;3;3;5;4;4;3;4;5;3;5;2;4;6;6;4;5;2019-10-22
2019-10-23;86.11772083966856;86.53108589969897;85.71296755172212;87.673296233575;12;12;11;9;11;10;9;15;14;11;10;11;15;13;10;11;8;12;2019-10-23
2019-10-24;86.39263616225945;86.86779566115189;85.56326685510176;87.54536446730887;7;4;3;6;4;6;8;9;6;4;5;5;4;4;6;4;5;6;2019-10-24
2019-10-25;87.11971226856922;87.38107140537491;86.25722711711038;87.38107140537491;12;10;13;15;5;13;10;11;6;12;8;10;13;14;8;8;6;8;2019-10-25
2019-10-26;87.52961922676405;87.77470216059899;87.30204221677447;88.39790254593926;5;8;11;7;5;6;5;11;7;6;9;8;8;7;5;5;6;7;2019-10-26
2019-10-27;87.92391915427201;88.35474635812794;87.20294301720699;89.35315499197479;9;7;5;5;5;5;7;6;5;8;5;6;4;7;7;7;7;6;2019-10-27
2019-10-28;88.45193657912189;87.56741721333067;86.35023011406537;89.1064809098074;4;8;7;9;7;8;9;8;8;8;7;9;7;8;6;4;9;8;2019-10-28
2019-10-29;87.313471703412;88.59697973745216;86.09108309956423;89.63356440038035;9;1;5;6;3;4;8;6;6;5;7;6;7;10;5;7;5;6;2019-10-29
2019-10-30;88.79189309287455;89.02275201491601;87.59320253612074;89.52127942619954;10;11;10;9;8;7;10;7;8;7;8;9;8;6;10;6;10;7;2019-10-30
2019-10-31;89.45896349978909;90.37144492748693;88.89537202974043;91.08537934241409;7;8;6;9;5;9;5;6;8;12;7;6;2;10;10;7;6;8;2019-10-31
2019-11-01;90.1997391821247;91.35429584365589;89.17146215544848;91.51873357617447;4;5;1;0;4;4;2;3;3;2;2;1;3;1;2;2;3;2;2019-11-01
2019-11-02;91.19899354072167;91.67322830713343;90.6335597807692;92.0674231888541;5;6;5;1;5;5;4;4;2;5;5;3;4;7;6;2;2;2;2019-11-02
2019-11-03;91.2423641340899;90.53979793025741;89.8335875064014;91.39747615311785;4;7;5;2;6;5;5;4;2;3;7;4;4;3;6;3;3;5;2019-11-03
2019-11-04;90.70276956653187;91.745851416547;90.3490287652224;92.06696189650492;12;9;8;10;7;9;4;8;10;7;8;6;6;8;11;9;9;8;2019-11-04
2019-11-05;91.40639176630577;90.55631232287914;89.87713998045754;92.08279906537645;7;6;6;9;5;8;7;6;6;6;5;8;6;3;10;7;5;4;2019-11-05
2019-11-06;90.59253484780828;90.93678648022996;90.00368337129753;91.26415891155878;12;12;4;12;12;4;8;14;14;11;14;15;9;14;10;11;9;15;2019-11-06
2019-11-07;91.11866005319041;91.34645670332338;90.50816503083404;91.42866851435636;5;7;6;5;6;7;3;6;7;5;4;4;4;6;4;5;3;6;2019-11-07
2019-11-08;91.09982127022441;90.45301253920582;89.3947122924971;91.72841003698895;8;8;10;13;7;9;11;10;7;14;16;9;9;15;12;7;13;8;2019-11-08
2019-11-09;90.64296386553815;89.41928385335339;89.24938721403201;90.67015675469781;4;8;8;6;7;7;4;8;9;10;5;9;8;7;8;5;11;9;2019-11-09
2019-11-10;89.21361950049068;88.82107957468853;88.23486044949557;89.27606903414102;10;7;7;6;9;7;11;7;8;7;6;6;4;5;5;6;7;7;2019-11-10
2019-11-11;88.82107957468853;89.92246096141466;88.67008373941155;90.75873984835582;10;11;12;14;10;7;15;10;13;12;13;7;11;13;11;12;11;12;2019-11-11
2019-11-12;90.09331363724135;89.57077241814535;89.09604732432919;90.78703215224812;8;2;6;4;5;6;7;1;7;8;4;6;7;2;6;7;5;4;2019-11-12
2019-11-13;89.25727471468186;90.63183674528797;88.49858787960706;91.85536654134937;5;8;6;8;9;9;7;7;6;10;7;5;7;5;8;8;9;7;2019-11-13
2019-11-14;90.62277356161344;91.88243011411987;89.53530027887408;92.84719563031813;4;6;3;3;5;3;4;4;5;4;6;7;1;6;7;4;4;3;2019-11-14
2019-11-15;91.5149003936634;92.1097472462222;91.29526463271861;92.84662522419198;10;11;11;7;13;14;12;12;13;13;13;13;8;12;10;12;12;12;2019-11-15
2019-11-16;91.85183995393277;92.6233954095458;91.08028449831974;92.77159284220107;6;4;7;7;7;5;8;6;5;9;7;6;4;5;8;6;10;7;2019-11-16
2019-11-17;92.22511480928475;91.30286366119189;90.06114471539969;93.16581098033944;2;3;4;3;5;3;1;3;2;4;4;2;3;3;5;1;2;2;2019-11-17
2019-11-18;91.51286024761264;92.26326570164306;90.58858035911175;92.52160284560766;6;5;6;5;5;4;3;5;6;5;5;4;4;5;5;3;6;4;2019-11-18
2019-11-19;92.20790774222208;91.59011476034918;91.14132319802347;92.95479179493408;4;4;7;5;3;5;4;2;4;4;3;6;5;3;4;4;4;4;2019-11-19
2019-11-20;91.57179673739711;91.67252571380826;91.36118160490109;91.81920175495036;13;13;15;11;11;10;8;11;12;12;10;8;15;11;10;13;9;3;2019-11-20
2019-11-21;92.00254680637796;92.95017303848365;91.94734527829414;93.21972854029525;6;2;5;8;2;4;6;7;6;4;4;5;3;3;4;4;6;5;2019-11-21
2019-11-22;92.76427269240669;93.7011918466;92.0592642199444;94.97552805571377;5;12;10;7;6;7;10;8;9;6;8;10;11;7;11;9;7;9;2019-11-22
2019-11-23;93.53252970127612;92.19501452654787;91.99218549458946;93.94407283196173;9;10;5;9;9;7;10;9;12;9;9;7;5;6;10;11;9;10;2019-11-23
2019-11-24;92.64677009772794;92.08162480013179;91.99875133781167;93.00809250110908;9;9;9;9;8;9;11;8;10;12;6;9;10;7;9;12;10;8;2019-11-24
2019-11-25;91.77775543829136;90.86915565945228;89.92411644059398;92.67717744158662;7;6;6;7;8;7;9;8;3;6;9;7;3;5;2;4;6;4;2019-11-25
2019-11-26;91.26897994435386;92.026512477892;90.48406671683242;92.55106359901599;6;7;6;8;7;6;6;7;6;7;7;6;6;5;5;7;4;6;2019-11-26
2019-11-27;91.64920377673265;92.58402565525532;91.02598919105087;93.09323779635923;9;7;7;4;8;9;7;6;4;8;6;4;8;8;5;6;9;3;2019-11-27
2019-11-28;92.25072316289639;90.93153782166698;90.58599797794464;92.28762345216154;6;6;7;7;5;4;7;3;5;5;6;8;7;9;6;6;5;6;2019-11-28
2019-11-29;90.92244466788482;91.63163973629432;89.84955982080378;92.46548765789461;4;5;7;5;2;3;2;4;6;5;5;4;3;5;3;4;5;3;2019-11-29
2019-11-30;91.47586594874261;91.48501353533749;91.18314317770664;91.48501353533749;9;2;8;4;7;4;5;8;8;3;6;5;3;6;5;8;4;3;2019-11-30
2019-12-01;91.09162797713554;90.89122639558585;89.60966010340809;91.3284662098761;4;8;5;5;5;5;2;7;5;5;6;7;3;3;7;7;4;5;2019-12-01
2019-12-02;90.53675061264306;89.8939396832933;89.13883058995364;91.84953349652638;7;3;6;5;6;6;4;6;4;4;6;7;8;8;4;6;8;6;2019-12-02
2019-12-03;90.29846241186812;89.78376117612046;89.10140459118195;91.45428273074002;10;14;10;8;10;7;8;10;12;12;10;13;14;9;9;10;9;10;2019-12-03
2019-12-04;89.71193416717956;90.64493828251823;89.69399178034612;91.17067892455684;5;5;6;7;7;9;6;5;4;5;4;8;5;3;3;7;7;5;2019-12-04
2019-12-05;90.44551941829668;90.9972370867483;89.80335623042677;91.3248271402606;9;5;8;7;12;8;6;9;10;9;8;10;7;8;9;7;8;6;2019-12-05
2019-12-06;91.29752796913458;91.62619906982347;90.74974280131977;91.69033740917234;11;7;7;7;8;10;12;6;6;9;14;8;8;9;11;7;6;7;2019-12-06
2019-12-07;91.9743786262888;91.57888879819576;90.73636302125236;91.99277350201405;9;11;8;11;12;6;11;12;8;10;9;10;10;7;8;7;10;5;2019-12-07
2019-12-08;91.14846802084423;90.36459119586497;89.29828901975377;91.68624398216721;7;7;5;4;8;3;5;5;5;6;7;1;4;6;9;7;3;8;2019-12-08
2019-12-09;90.25615368642994;91.11358714645102;89.4077458417775;92.22517290963772;3;6;2;6;4;6;5;5;3;3;4;6;4;5;9;6;6;7;2019-12-09
2019-12-10;90.703576004292;91.63782283713621;89.56978130423836;91.76611578910821;10;9;10;6;8;11;10;6;8;8;9;10;10;11;7;8;6;6;2019-12-10
2019-12-11;91.98604656391733;91.88486191269702;90.99357875214386;92.05963540116845;12;7;8;10;9;15;13;14;10;12;12;10;7;9;10;7;8;7;2019-12-11
2019-12-12;92.04106617794861;92.90625220002133;91.04702266322676;93.38936471146145;4;4;5;4;1;4;5;3;3;5;5;3;6;3;5;3;4;4;2019-12-12
2019-12-13;93.11064595486137;92.59853740210964;91.23733890229863;93.92070857466865;9;5;9;9;6;5;8;9;12;10;6;9;7;7;8;7;7;10;2019-12-13
2019-12-14;92.18184398380015;92.9008623668738;91.43517104753137;93.61619900709873;7;5;2;6;5;5;6;5;3;5;3;4;4;5;6;5;5;4;2019-12-14
2019-12-15;92.76151107332349;93.92102996174003;91.51850682494096;94.54090875948751;4;6;3;2;4;7;4;5;2;5;5;5;4;6;4;5;4;2;2019-12-15
2019-12-16;94.33428249357168;94.50408420206011;93.24000481664623;95.2695672840968;3;5;4;7;4;5;4;4;5;4;3;3;6;4;8;3;4;4;2019-12-16
2019-12-17;94.04101418947002;93.15702865608901;93.12908154749219;94.56764386893106;4;6;4;3;2;5;4;4;1;6;5;1;5;5;5;3;2;3;2019-12-17
2019-12-18;93.21292287328266;94.51790379350862;92.90532022780083;95.4063720891676;4;6;5;7;4;6;6;5;3;4;9;6;4;6;6;5;2;3;2019-12-18
2019-12-19;94.97158973171746;95.664882336759;94.80064087020037;96.05710835433972;4;6;7;5;5;5;5;5;5;2;10;8;8;4;6;7;8;8;2019-12-19
2019-12-20;95.33962173681402;94.42436136814061;94.15997315630982;95.50169909376662;7;5;5;8;4;6;9;5;8;6;11;8;5;6;6;9;6;8;2019-12-20
2019-12-21;94.88704073884449;94.85857462662284;93.79615859080467;95.78846762586352;5;10;6;7;6;5;7;9;7;9;9;8;8;3;11;4;9;9;2019-12-21
2019-12-22;94.90600391393615;96.1777443663829;94.63077650258573;96.57207311828506;10;9;11;8;11;8;9;7;9;8;8;6;10;12;6;6;10;6;2019-12-22
2019-12-23;96.02385997539668;95.42851204354922;94.27382704782228;97.42580833103746;4;5;4;4;2;4;3;5;8;5;6;5;3;5;6;5;6;4;2019-12-23
2019-12-24;95.25674072187083;96.55223239568828;93.98982607026994;97.55637561260343;6;8;6;9;8;7;8;5;7;10;8;9;10;4;5;7;11;9;2019-12-24
2019-12-25;96.47499060977172;97.61339549896704;95.27870072621056;98.2674052488101;8;7;7;4;4;9;9;7;8;7;5;7;5;11;8;8;6;9;2019-12-25
2019-12-26;97.48649808481838;97.05755749324518;95.85404378032895;98.67583336145316;9;11;6;9;11;7;11;6;10;11;8;7;11;11;7;9;8;9;2019-12-26
2019-12-27;96.68873877477085;96.18595733314204;95.78197631234285;97.23986458578705;9;8;8;10;9;7;10;10;8;12;6;8;9;10;11;9;9;10;2019-12-27
2019-12-28;96.64764992834111;96.79262140323362;96.35770697855608;98.11868031645793;11;10;12;13;5;7;11;7;9;8;8;8;10;7;6;9;5;11;2019-12-28
2019-12-29;97.02492369460138;96.23902181267512;94.92054721384146;97.59737074439953;9;5;7;9;11;8;12;6;4;6;10;7;8;3;11;10;8;7;2019-12-29
2019-12-30;95.9503047472371;96.76588233758861;95.8255693510657;97.6367752786269;8;10;10;8;3;12;8;6;5;5;9;6;5;8;9;8;9;7;2019-12-30
2019-12-31;96.61105692584846;95.80918515336391;95.21516820541306;97.49021754387368;5;6;5;5;5;5;9;7;5;4;7;5;7;4;5;7;9;7;2019-12-31
2020-01-01;96.1732600569467;96.71183031326561;95.54813386657655;96.85689805873551;9;12;8;12;5;8;9;8;10;8;11;11;10;8;9;11;15;5;2020-01-01
2020-01-02;96.3443253580752;97.30776861165594;95.40015096956606;97.30776861165594;5;6;3;2;3;2;4;3;1;2;5;3;3;3;3;3;0;4;2020-01-02
2020-01-03;97.38561482654526;96.88894819092988;96.8598815064726;98.42764090518929;5;9;4;6;10;9;4;7;12;7;8;9;10;9;8;10;12;8;2020-01-03
2020-01-04;96.54983687226164;97.80498475160103;95.8739880141558;97.9810337241539;8;7;9;8;5;9;9;9;9;8;4;6;9;8;6;5;8;9;2020-01-04
2020-01-05;97.89300923787745;97.3741762889167;97.28653953025668;98.94046443672273;7;6;6;8;8;10;6;8;6;8;5;9;7;6;10;12;12;9;2020-01-05
2020-01-06;96.96520474850325;97.29488644464817;96.55795088855955;97.35326337651496;4;4;4;5;1;4;4;7;6;3;2;4;6;6;3;5;5;1;2020-01-06
2020-01-07;96.84732996700278;98.067606324587;95.69484674039545;99.29345140364434;5;7;7;8;6;10;5;7;3;8;5;5;3;7;6;6;4;9;2020-01-07
2020-01-08;98.15586717027912;98.52885946552618;96.97799676423577;98.85400470176242;9;15;8;8;13;9;7;10;9;6;9;6;9;7;9;8;8;9;2020-01-08
2020-01-09;98.70621141256413;98.40022215718518;97.54414022441767;99.22935433305072;5;5;8;7;4;10;4;6;6;6;3;4;7;7;7;8;5;8;2020-01-09
2020-01-10;98.2034217128708;98.95958806005991;97.56509947173716;99.18719511259805;7;7;7;7;6;6;9;6;9;6;5;5;6;7;1;5;6;3;2020-01-10
2020-01-11;99.12781935976201;99.05842988621018;98.30558581907498;99.39546447203337;9;7;7;6;7;8;8;9;4;7;10;8;12;6;6;9;8;9;2020-01-11
2020-01-12;99.07824157218742;99.90059097723658;98.87017726488583;100.70978576415219;2;7;6;9;7;7;10;6;5;8;3;2;7;4;9;3;3;9;2020-01-12
2020-01-13;99.90059097723658;99.2412470767868;98.02057973774232;99.92057109543202;1;2;2;4;4;2;3;1;3;2;3;2;1;2;3;3;1;3;2020-01-13
2020-01-14;99.53897081801716;99.03132206684528;98.21926522589715;100.81306964448777;10;9;10;5;8;8;6;5;5;9;9;5;6;2;4;7;7;11;2020-01-14
2020-01-15;98.62529364637122;99.77920958203377;97.25440206468666;99.82909918682478;6;7;8;8;7;5;4;8;5;2;7;6;7;6;7;9;6;5;2020-01-15
2020-01-16;99.89894463353222;100.4383989345533;98.44042004188266;100.81002101061115;4;5;6;7;6;2;6;7;8;7;10;5;6;6;9;5;7;5;2020-01-16
2020-01-17;100.7095826116766;100.7397954864601;100.3671700307969;101.03194089337082;5;8;2;5;5;6;6;5;6;3;9;5;7;3;3;6;4;2;2020-01-17
2020-01-18;100.78009140465467;101.94914046494867;99.87307058201277;102.54044547964537;8;3;5;3;6;6;5;5;5;7;7;6;4;8;7;6;7;5;2020-01-18
2020-01-19;101.66368287164681;101.76534655451844;100.57588146492019;103.03741338644993;2;2;3;1;2;2;1;3;4;4;4;3;3;2;2;2;2;3;2020-01-19
2020-01-20;101.55163932675396;101.58210481855198;100.94232949079343;102.95346323360243;7;7;10;7;8;9;9;7;7;7;10;8;8;6;8;5;9;9;2020-01-20
2020-01-21;101.15545997831407;102.70313851598229;100.80141586838998;103.95611680587727;13;13;11;7;12;10;12;12;8;13;10;11;13;14;12;15;15;13;2020-01-21
2020-01-22;102.74421977138867;101.32634953854351;100.16109651885027;103.82303407898824;8;13;8;12;9;15;14;14;9;13;9;11;9;11;11;12;9;11;2020-01-22
2020-01-23;101.26555372882038;101.95415949417635;100.99213673375256;102.91252859342161;6;6;6;6;4;6;7;4;7;2;4;4;4;5;7;5;5;4;2020-01-23
2020-01-24;101.61771076784558;100.418621780785;100.38849619425078;102.87777038136686;4;4;3;1;5;2;2;6;5;2;7;4;8;5;5;5;5;3;2020-01-24
2020-01-25;100.38849619425078;100.43869044234789;100.30818539729538;101.37277026346173;8;5;6;9;8;3;6;6;4;4;8;5;9;4;5;7;5;7;2020-01-25
2020-01-26;100.65965556132106;102.15948442918473;100.17648921462671;103.40583013922078;12;9;9;5;12;8;10;7;11;9;13;10;10;8;4;9;9;7;2020-01-26
2020-01-27;101.9755973572122;102.6588338595055;100.74169262918993;102.87441741061046;9;12;11;8;11;12;7;9;9;8;13;11;16;10;10;13;13;9;2020-01-27
2020-01-28;102.4329844250146;102.78125657205965;101.85935971223451;104.24075041538289;6;8;9;6;4;5;6;6;9;5;4;7;8;6;4;9;4;6;2020-01-28
2020-01-29;102.84292532600287;104.1078933075127;102.17444631138386;105.53417144582562;6;5;8;4;4;4;4;3;4;5;8;8;4;6;4;7;4;7;2020-01-29
2020-01-30;104.31610909412773;104.35783553776537;103.64848599592531;104.49350072396447;7;4;5;8;9;8;7;8;6;5;8;6;7;7;8;7;7;6;2020-01-30
2020-01-31;104.2534777022276;105.01452808945388;102.89818249209864;105.21405569282383;8;1;8;4;9;5;8;7;7;6;7;5;7;7;5;7;6;6;2020-01-31
2020-02-01;105.4345862018117;104.54893567771649;103.62890504375258;105.67708575007586;2;3;4;6;5;3;6;6;4;4;3;6;3;4;5;1;5;7;2020-02-01
2020-02-02;104.7684884426397;105.67997429209065;104.75801159379543;106.71563804015314;4;4;3;5;5;3;5;3;5;4;6;5;4;4;2;5;4;1;2020-02-02
2020-02-03;105.3840703640728;104.83607319817962;103.44175342464384;106.3852190325315;8;5;8;7;4;5;8;8;11;7;9;6;7;8;6;8;10;10;2020-02-03
2020-02-04;104.32237643950853;104.83355608406211;103.62341651736382;106.37460935849782;8;4;7;7;4;8;5;7;5;3;7;7;5;5;6;5;6;5;2020-02-04
2020-02-05;105.13757339670587;104.04414263338013;103.30542922068314;105.26373848478192;3;4;5;4;2;5;6;6;5;5;0;3;6;5;2;4;4;8;2020-02-05
2020-02-06;103.66958371989996;104.89288480779479;103.59701501129602;105.7005600208148;7;11;12;14;10;9;13;11;9;13;7;11;13;11;9;8;11;10;2020-02-06
2020-02-07;104.7775026345062;104.33743712344128;104.14962973661908;106.08722141743753;10;9;10;9;7;9;6;8;8;3;9;7;10;7;8;10;7;8;2020-02-07
2020-02-08;104.66088317852396;103.34215605047456;102.41207664602028;105.91681377666625;7;3;4;6;4;6;7;6;5;8;8;8;6;6;2;4;9;8;2020-02-08
2020-02-09;103.72452202786131;102.43833795471583;102.26419278019281;105.24927250167087;6;8;8;7;9;6;7;7;8;7;6;8;8;9;5;6;8;11;2020-02-09
2020-02-10;102.89931047551205;102.67293199246593;101.19444177177442;103.46525668312738;3;4;6;5;5;4;8;6;4;6;6;6;6;7;7;4;4;1;2020-02-10
2020-02-11;102.7550703380599;102.45708063407952;101.71938965351414;102.89892743653319;8;8;10;8;8;7;10;6;6;10;6;5;8;7;5;8;11;10;2020-02-11
2020-02-12;102.1804465163675;101.20973227446201;101.00731280991309;103.04898031175661;8;10;9;8;7;4;10;6;10;6;9;8;3;6;8;10;10;8;2020-02-12
2020-02-13;101.4931195248305;101.32058122163829;99.99328160763483;101.79759888340499;9;10;6;6;8;11;6;8;7;5;10;4;12;7;11;10;8;7;2020-02-13
2020-02-14;101.81705206962431;101.56250943945025;101.1461031507485;103.06940181008069;10;5;8;12;7;8;10;8;6;9;5;8;10;10;6;11;6;8;2020-02-14
2020-02-15;101.91797822248833;103.29387092849193;101.37781293790914;104.49207983126244;3;6;5;6;6;5;7;6;8;6;5;7;5;3;5;4;6;5;2020-02-15
2020-02-16;103.0356362511707;101.53131596190362;100.46523714430363;104.07629617730753;6;6;6;4;3;4;8;4;5;4;6;5;5;5;7;5;6;4;2020-02-16
2020-02-17;101.22672201401791;100.00187867764829;99.81187510816076;102.11751716774125;4;6;5;9;8;5;7;5;7;4;10;4;9;8;5;4;7;12;2020-02-17
2020-02-18;100.11188074419371;100.49230589102164;99.91165698270532;101.6680658699466;11;8;7;8;10;12;7;9;9;10;12;10;8;10;8;9;8;12;2020-02-18
2020-02-19;100.10038589804665;101.07135964125771;99.41970327393993;101.44532367193037;9;8;9;13;6;7;7;11;8;10;8;14;9;8;11;5;11;8;2020-02-19
2020-02-20;101.10168104915009;102.03181651480227;100.66694382063875;102.15425469462005;3;5;7;8;6;9;5;7;10;7;5;6;9;7;8;8;6;6;2020-02-20
2020-02-21;101.97059742489338;101.7666562300436;100.6166930146441;102.83734750300498;6;7;4;3;7;9;7;5;4;5;4;4;7;5;5;5;7;6;2020-02-21
2020-02-22;101.7870095612896;101.71575865459668;100.38328221622147;101.94986877658766;11;12;6;10;15;13;10;9;7;11;10;12;10;10;12;12;9;7;2020-02-22
2020-02-23;101.58352816834571;102.36572133524197;100.23246724370671;103.6452928519325;3;4;1;4;3;1;3;3;2;4;4;4;2;5;4;4;3;2;2020-02-23
2020-02-24;102.01767788270216;101.70142308126579;100.3691344389012;102.9664422870113;6;5;4;7;8;9;8;7;7;8;5;5;8;6;8;5;4;5;2020-02-24
2020-02-25;101.51836051971951;100.00573694797569;99.70571973713176;102.2492927154615;6;4;5;4;5;4;4;5;5;3;6;7;4;4;6;7;2;5;2020-02-25
2020-02-26;100.25575129034563;101.5791272073782;99.71437023337776;101.8940225017211;4;6;5;5;4;5;4;5;3;6;3;4;3;4;6;7;0;5;2020-02-26
2020-02-27;101.40644269112566;100.716878880826;100.00178904077214;101.7613652405446;8;7;4;8;8;8;9;6;7;11;10;8;12;11;13;8;10;8;2020-02-27
2020-02-28;100.26365292586229;99.15072637838522;97.88159708074188;100.50428569288435;7;4;6;9;2;5;8;3;5;5;5;6;8;6;7;5;6;6;2020-02-28
2020-02-29;98.70454810968249;98.1123208210244;98.01420850020337;99.47444358493802;4;3;3;1;5;4;5;3;4;3;3;2;5;5;4;6;4;5;2020-02-29
2020-03-01;98.04364219644968;97.14164068824235;96.27708008611698;98.27894693772116;6;7;7;8;8;7;9;9;10;9;9;6;7;10;7;4;7;3;2020-03-01
2020-03-02;97.46220810251356;97.12109037415476;96.47037906864792;98.8559176783795;8;7;7;5;9;6;5;6;6;11;4;7;5;7;6;7;7;11;2020-03-02
2020-03-03;96.79087866688263;98.0491600895521;96.67472961248238;98.951212362376;7;5;7;6;6;7;6;9;10;7;6;4;4;5;6;6;10;6;2020-03-03
2020-03-04;98.12759941762374;97.12669790356398;96.05830422662477;98.62805017465364;7;4;7;6;7;8;6;8;6;10;10;5;6;12;6;8;7;7;2020-03-04
2020-03-05;97.4083653274843;98.86949080739656;96.38557749154572;100.1547941878927;7;5;5;5;5;8;11;9;7;9;9;7;8;7;9;8;9;7;2020-03-05
2020-03-06;99.1759862288995;97.7974400203178;96.3793771400232;99.67186616004399;1;3;2;0;0;3;1;2;2;2;3;2;3;3;3;1;2;1;2020-03-06
2020-03-07;97.93435643634625;96.94521943633916;96.40232620749565;98.77659190169882;9;13;9;9;10;11;10;12;14;10;11;7;13;11;15;15;14;14;2020-03-07
2020-03-08;96.47988238304472;97.22277747739417;96.27727463004034;98.26306119640229;9;8;6;7;7;9;8;13;6;11;9;9;6;7;9;9;8;8;2020-03-08
2020-03-09;97.02833192243939;97.44555374970588;96.76635542624881;98.16665084745371;4;4;4;6;7;3;4;3;4;4;2;3;3;5;4;3;4;4;2020-03-09
2020-03-10;97.25066264220646;95.79190270257337;94.8627212463584;97.99949274455146;8;8;8;7;9;7;5;5;11;8;6;6;8;10;11;7;9;6;2020-03-10
2020-03-11;95.5811605166277;96.90018053175717;95.23706833876784;97.31685130804372;9;6;9;5;10;4;11;8;10;8;7;5;9;6;6;6;9;8;2020-03-11
2020-03-12;96.8420404234381;97.88793446001124;95.66056753027216;98.60251638156933;5;7;11;9;10;9;7;11;11;13;7;10;8;3;5;9;10;8;2020-03-12
2020-03-13;98.05434394859326;98.38772871801848;97.66212657279888;99.44047741530127;7;5;4;10;6;2;6;2;5;7;7;3;2;4;4;3;6;6;2020-03-13
2020-03-14;98.85998981586496;100.0759676906001;97.54515195131397;100.16603606152162;7;7;8;13;10;11;8;12;7;11;12;11;9;6;10;10;10;8;2020-03-14
2020-03-15;99.8758157552189;101.41390331784928;99.3264987685652;102.41790096069599;6;9;9;7;9;11;7;10;9;8;9;11;9;8;9;12;11;10;2020-03-15
2020-03-16;100.97782353358252;99.74589408647282;98.54894335743514;101.35144148065679;8;7;7;3;6;10;8;8;5;10;8;8;5;4;4;7;7;5;2020-03-16
2020-03-17;100.02518258991493;99.25498868397258;98.42124677902721;100.95541678800114;9;10;6;9;7;9;10;8;11;6;9;8;7;8;5;6;7;8;2020-03-17
2020-03-18;99.57260464776131;99.63234821054996;98.60675038267802;100.78808344979235;8;4;4;7;10;9;9;11;8;9;6;8;8;9;9;6;4;7;2020-03-18
2020-03-19;99.89139231589739;100.4707623913296;99.6916095312656;101.40514048156898;7;7;2;4;5;5;7;4;9;6;4;7;5;6;5;8;6;5;2020-03-19
2020-03-20;100.81236298346013;99.85464553511727;99.13569208726443;101.66926806881953;6;2;8;7;5;3;3;7;7;5;5;4;5;6;4;5;4;6;2020-03-20
2020-03-21;100.33394783368583;100.76538380937068;99.07977348576476;100.85607265479909;11;8;12;5;8;10;6;8;10;12;8;5;7;10;10;7;9;6;2020-03-21
2020-03-22;100.42278150441882;100.22193594140998;99.50033800263184;100.44286606071971;5;6;6;6;2;7;6;4;3;8;7;3;8;8;6;5;5;7;2020-03-22
2020-03-23;100.33218007094554;99.59975515642763;98.92247682136393;100.9442063693783;11;14;11;7;9;7;9;13;6;12;11;10;6;10;6;15;7;10;2020-03-23
2020-03-24;99.48023545023992;100.2561812867518;97.99797994203134;100.77751342944292;10;8;8;8;9;5;8;6;6;8;11;8;6;8;6;9;8;10;2020-03-24
2020-03-25;100.4566936493253;100.25578026202665;99.81465482887373;101.23021019042511;6;7;6;6;7;4;9;5;8;5;7;6;5;8;9;6;5;7;2020-03-25
2020-03-26;99.86478271900474;99.75493145801383;99.48559314307718;100.08448524098654;4;5;5;5;4;6;4;5;3;4;4;4;4;7;6;5;5;3;2020-03-26
2020-03-27;99.45566666363979;99.23686419697978;98.91930623154944;99.92310829695889;9;8;11;16;8;10;9;10;10;9;9;10;10;11;9;10;5;14;2020-03-27
2020-03-28;99.57426953524951;100.2513745680892;98.767717952014;101.16366207665882;14;11;13;19;13;16;12;16;14;12;11;10;12;16;18;9;15;14;2020-03-28
2020-03-29;99.89046961964408;99.64074344559498;99.55106677649394;100.61967004786749;6;5;8;5;7;7;8;9;9;5;5;10;5;5;8;8;8;8;2020-03-29
2020-03-30;99.88984530420896;101.02858954067695;99.1406714644274;101.70548109059948;5;2;2;4;3;3;3;1;4;1;2;4;2;6;3;4;3;2;2020-03-30
2020-03-31;100.73560663100898;99.36560238082726;97.95461082701951;101.86384542527628;11;10;8;9;7;11;8;8;7;12;10;11;11;11;9;15;11;13;2020-03-31
2020-04-01;99.60407982654124;99.7435255382984;99.17578228328712;100.60131985792776;7;7;6;6;6;5;6;7;6;4;6;7;6;9;5;9;8;5;2020-04-01
2020-04-02;100.00285870469797;100.26286613733018;99.26283755028321;101.20533707902109;5;7;9;10;10;11;6;4;8;8;7;8;7;9;9;6;7;6;2020-04-02
2020-04-03;100.73410160817562;102.1544524408509;100.73410160817562;102.66522470305515;4;1;8;5;10;8;3;6;7;5;9;6;8;4;7;5;6;5;2020-04-03
2020-04-04;101.64368017864665;100.40362728046716;99.0983801258211;101.80631006693248;4;5;3;3;6;4;6;6;6;7;8;6;7;5;7;5;4;7;2020-04-04
2020-04-05;100.61447489775614;99.769313308615;99.18067436009417;101.57031240928482;8;8;5;7;6;4;5;9;6;6;4;8;4;6;6;7;6;8;2020-04-05
2020-04-06;99.87905955325448;99.59939818650537;98.25480631098755;101.20745104531277;5;7;4;6;8;7;5;7;7;8;9;5;8;8;4;9;6;7;2020-04-06
2020-04-07;99.2707201724899;98.46662733909274;98.42724068815711;100.23364615816305;4;6;8;4;8;5;7;8;6;6;7;7;7;6;3;6;6;9;2020-04-07
2020-04-08;98.71279390744047;98.5153683196256;98.1213068463471;99.60120905260743;8;11;12;6;5;6;7;9;9;7;10;7;5;8;8;6;9;5;2020-04-08
2020-04-09;98.91928132973605;97.67289838498138;96.72547127064706;99.18636338932633;9;11;9;8;10;10;7;8;7;13;6;13;5;8;5;7;11;8;2020-04-09
2020-04-10;97.65336380530438;98.90332686201226;96.28621671203011;99.97148279212199;9;10;3;6;7;9;5;5;9;6;7;8;10;5;8;7;10;9;2020-04-10
2020-04-11;98.45826189113322;99.09824059342559;97.1881503127376;100.18832123995325;3;6;6;5;5;4;6;5;4;3;4;2;7;5;6;3;4;3;2020-04-11
2020-04-12;98.6820279829332;98.05046300384244;97.72689647592976;100.12278559148403;7;7;10;10;10;12;12;12;12;8;8;5;10;7;8;6;9;9;2020-04-12
2020-04-13;97.65826115182706;97.67779280405743;97.32622306391086;98.58619627713517;3;3;4;1;3;3;1;5;2;4;3;3;2;2;4;4;2;4;2020-04-13
2020-04-14;97.4433661013277;98.33010073284979;96.97563794404132;99.00857842790644;7;5;5;4;7;5;7;6;10;8;7;4;3;5;8;8;5;9;2020-04-14
2020-04-15;98.60542501490175;100.07464584762378;97.362996659714;100.70511611646381;6;8;10;5;9;7;7;6;3;7;9;7;7;6;6;4;9;5;2020-04-15
2020-04-16;99.69436219340281;98.45815210220462;97.49326221160301;100.3623144200986;5;7;13;10;11;5;6;7;10;7;9;5;10;9;11;9;14;7;2020-04-16
2020-04-17;98.44830628699441;98.7731856977415;97.27677144217917;99.94858660754463;10;7;6;5;9;4;6;3;9;4;4;2;5;7;6;3;5;8;2020-04-17
2020-04-18;98.74355374203218;99.50387910584583;98.74355374203218;100.4292651815302;3;3;5;2;5;2;3;3;3;4;2;5;2;5;4;4;5;3;2020-04-18
2020-04-19;99.13571475315419;97.86677760431381;96.98597660587498;100.24603475838953;8;8;9;3;6;3;8;5;7;6;6;9;5;10;6;4;8;5;2020-04-19
2020-04-20;97.97443105967857;97.9352412872547;96.61311552987677;98.27815179596358;7;9;6;9;7;10;8;9;12;8;12;4;8;7;10;5;8;9;2020-04-20
2020-04-21;98.0919376733143;99.41617883190405;96.63036780198192;100.03255914066185;5;5;7;7;8;4;6;7;6;7;3;8;6;9;9;8;6;8;2020-04-21
2020-04-22;99.64483604321742;99.6348715596131;99.44556530364984;100.16298919064216;11;9;11;9;9;11;9;8;10;7;6;9;7;7;6;5;8;10;2020-04-22
2020-04-23;99.84410478988829;98.76578845815749;98.1534405697169;101.0821716892829;4;6;5;6;5;6;4;3;6;6;4;8;2;7;6;4;4;7;2020-04-23
2020-04-24;98.48924425047464;97.49450288354485;97.09477542172232;99.68096410590539;8;10;6;6;6;9;8;7;5;7;13;7;9;10;12;12;4;11;2020-04-24
2020-04-25;97.62124573729346;96.21549979867645;94.82037505159565;98.94889467932066;9;12;12;6;12;10;13;10;14;8;6;13;11;8;11;7;8;11;2020-04-25
2020-04-26;96.61960489783088;97.42154761848288;95.55678924395474;97.95736613038454;2;3;4;1;8;5;4;3;4;5;7;3;3;3;5;5;5;4;2020-04-26
2020-04-27;97.88917104705159;98.17304964308804;96.83196799974343;98.43811687712437;7;7;5;5;4;10;4;8;5;8;5;7;6;4;7;6;8;7;2020-04-27
2020-04-28;98.23195347287388;99.72507916566158;97.96672719849713;100.79213751273416;13;10;9;14;9;13;9;13;8;11;11;11;5;13;16;9;13;13;2020-04-28
2020-04-29;100.0741169427414;98.62304224707165;97.73543486684801;100.55447270406655;12;10;11;9;9;12;9;10;9;13;11;8;10;11;9;8;11;14;2020-04-29
2020-04-30;98.88932446113874;100.20455247647189;98.82010193401594;100.33481839469131;5;4;5;4;4;6;6;8;6;5;8;10;7;5;5;3;5;4;2020-04-30
2020-05-01;100.28471611845306;101.09702231901254;99.06124258180793;101.69349475069471;9;4;10;6;8;10;6;7;9;10;8;9;9;5;10;7;7;10;2020-05-01
2020-05-02;101.15768053240394;102.37157269879279;100.54061868115627;103.36457695397108;4;4;4;5;4;5;6;6;6;5;2;6;7;7;6;7;8;5;2020-05-02
2020-05-03;102.69916173142893;102.60673248587064;101.2933663100515;103.05860879748894;4;9;4;5;9;7;5;5;4;7;5;7;7;5;9;5;8;6;2020-05-03
2020-05-04;102.44256171389324;101.86888336829543;100.65664365621271;102.98550729097688;7;10;7;8;8;5;11;11;8;8;11;12;9;7;6;10;9;13;2020-05-04
2020-05-05;102.31710645511592;103.84163134129713;101.79528921219483;104.1116195827845;9;12;7;12;9;11;9;9;10;9;9;10;6;8;4;8;7;6;2020-05-05
2020-05-06;104.25699786666232;104.45508616260898;102.94335969354238;105.19671727436351;10;10;10;10;8;15;8;13;8;10;13;5;10;10;10;14;14;12;2020-05-06
2020-05-07;104.54909574015532;105.4063983252246;103.68133824551204;106.87154726194522;7;7;10;3;7;4;9;5;4;8;4;8;5;7;6;5;9;5;2020-05-07
2020-05-08;105.43802024472217;105.25877561030613;104.2798689971303;105.92303513784789;4;4;6;4;6;2;6;4;5;4;6;4;5;5;1;3;6;6;2020-05-08
2020-05-09;105.09036156932963;104.90119891850483;104.82776807926187;105.83650313647188;7;6;5;6;7;6;5;7;6;4;6;6;10;10;5;7;8;8;2020-05-09
2020-05-10;105.27884323461146;106.07896244319451;104.53136344764572;107.0018494164503;5;5;6;6;4;5;3;4;5;4;4;2;7;4;4;5;6;5;2020-05-10
2020-05-11;106.02592296197292;106.61966813055997;105.53820371634784;107.95241398219197;12;8;7;8;10;9;8;10;11;9;10;13;11;5;9;10;9;10;2020-05-11
2020-05-12;106.4704005951772;105.25663802839217;104.07776368247418;108.05680956404532;7;13;9;14;10;8;11;12;14;6;7;9;5;7;11;13;9;11;2020-05-12
2020-05-13;105.51977962346315;106.11069038935455;105.22432424051745;107.05507553381979;9;8;5;7;9;6;8;8;8;6;7;7;3;6;7;7;3;10;2020-05-13
2020-05-14;105.6225812135635;105.70707927853435;104.14386507657362;106.98613493780462;8;5;10;10;7;9;8;7;10;9;6;8;10;5;8;9;10;5;2020-05-14
2020-05-15;105.63308432303937;107.24927051318188;104.81970957375196;108.68641073805853;4;4;5;5;4;3;4;4;6;3;4;4;5;5;2;3;5;3;2020-05-15
2020-05-16;107.04549689920684;105.60038269106755;105.26246146645613;107.78411082781136;5;6;6;8;7;8;11;10;7;9;7;6;7;6;6;5;2;8;2020-05-16
2020-05-17;105.24134138991792;106.14641692587121;103.7363902080421;106.16764620925638;6;8;7;7;8;9;12;9;10;10;8;8;9;9;11;7;10;7;2020-05-17
2020-05-18;106.52854402680435;105.67631567458992;104.98941962270509;107.50860663185097;11;9;9;12;7;11;9;9;10;8;6;5;9;9;6;10;10;6;2020-05-18
2020-05-19;105.73972146399466;106.89228442795219;104.77748999867231;108.30326258240117;5;10;5;9;3;9;7;9;3;7;7;3;7;7;5;5;5;9;2020-05-19
2020-05-20;107.18089359590765;106.09836657058898;104.70847796851426;108.13480354891122;7;7;2;10;7;8;10;8;10;8;11;7;9;7;5;5;6;9;2020-05-20
2020-05-21;106.07714689727486;106.4378091967256;105.94985432099813;107.53411863145186;7;3;4;8;8;4;8;8;5;7;5;4;4;3;7;5;3;5;2020-05-21
2020-05-22;106.6293972532797;105.88299147250675;105.2476935236717;106.87464486696224;7;10;7;7;7;6;6;11;8;9;7;11;10;7;10;8;7;9;2020-05-22
2020-05-23;106.06299255801001;106.52966972526525;106.03117366024262;107.15819477664432;7;8;8;6;8;7;8;5;5;6;8;8;5;10;7;6;8;7;2020-05-23
2020-05-24;106.91317653627621;107.45843373661123;105.34155284119295;107.56589217034782;7;7;11;6;6;4;8;5;6;7;5;8;8;10;7;8;5;6;2020-05-24
2020-05-25;107.69484229083177;108.29793340766044;107.4902220904792;109.20763604828478;6;9;5;5;8;6;6;10;7;5;6;8;10;5;7;5;8;5;2020-05-25
2020-05-26;108.78527410799491;107.50160787352057;106.25458922218772;108.90493790951372;5;3;4;8;7;6;7;5;6;8;7;7;4;7;7;10;6;6;2020-05-26
2020-05-27;107.09310176360118;105.67947282032165;104.91858061601533;107.14664831448297;7;7;7;9;8;7;6;9;9;4;3;7;8;5;7;5;6;6;2020-05-27
2020-05-28;105.5315215583732;104.77169460315291;104.7612174336926;106.713474599827;5;5;4;4;4;7;6;7;5;6;6;8;5;6;7;7;8;6;2020-05-28
2020-05-29;104.6250142307085;105.55617685736179;104.551776720747;105.68284426959063;4;7;8;6;6;9;9;6;8;11;6;7;5;8;9;7;9;9;2020-05-29
2020-05-30;106.06284650627713;106.32800362254281;105.50071341979385;106.63635483304817;8;8;6;7;4;4;6;9;5;6;6;6;7;5;8;8;6;7;2020-05-30
2020-05-31;106.13661321602223;107.00693344439361;105.10708806782681;108.41942496585962;10;2;9;10;8;8;6;9;9;7;10;11;11;9;6;7;9;10;2020-05-31
2020-06-01;106.64310987068268;106.7710816025275;105.33139961927328;106.92056111677105;7;4;3;3;3;6;5;4;5;6;3;4;4;8;5;4;6;4;2020-06-01
2020-06-02;107.21952014525812;107.5090128496503;107.06941281705475;107.59502005993002;7;13;9;12;10;8;12;8;10;9;10;6;8;14;8;10;9;10;2020-06-02
2020-06-03;107.99280340747373;108.9863371988225;107.76601852031804;109.47677571621719;6;6;5;6;6;6;8;4;6;6;5;6;6;4;10;3;7;9;2020-06-03
2020-06-04;109.26970167553942;109.40082531755009;107.9475382852654;110.84491621174176;3;1;3;5;1;0;3;5;3;3;4;4;4;1;5;3;2;2;2020-06-04
2020-06-05;109.58680672058992;111.11006333400613;108.18409559456636;112.64338220801541;7;11;9;12;16;11;8;14;12;10;14;9;8;7;14;14;9;14;2020-06-05
2020-06-06;110.89895421367152;111.59761762521764;110.07830195249035;113.03722689258294;3;4;3;4;4;5;4;6;2;4;4;4;3;4;3;4;7;4;2020-06-06
2020-06-07;111.2181857252919;111.7520330167733;110.19497841661922;112.92542936344941;12;12;8;10;10;12;5;8;9;9;11;9;11;13;8;11;10;12;2020-06-07
2020-06-08;111.93083626960014;111.30402358649037;109.97950570581114;113.37474405747797;6;5;6;8;7;6;7;4;10;7;6;6;7;4;5;6;6;7;2020-06-08
2020-06-09;111.10367634403468;112.4480308277975;110.28150913908883;114.07852727480055;9;13;11;8;14;8;5;6;10;12;7;10;3;7;6;11;8;14;2020-06-09
2020-06-10;112.71790610178421;111.47800913466457;111.11013170452019;113.13496235436081;11;9;11;9;10;8;9;10;10;11;11;10;8;7;8;9;9;10;2020-06-10
2020-06-11;111.12127950543365;110.9323733302744;110.58848297295056;112.1324831489331;5;8;7;7;5;8;10;8;3;10;4;5;5;10;8;4;6;8;2020-06-11
2020-06-12;111.38719606092853;111.5988317334443;110.22876922189488;113.11657584501914;7;7;7;9;6;6;6;7;4;7;7;8;8;4;4;3;5;7;2020-06-12
2020-06-13;111.88898869595124;111.038632381862;109.98376537423432;113.28760105465062;5;2;4;8;5;2;4;9;4;6;7;9;6;7;6;6;8;8;2020-06-13
2020-06-14;111.22739805691117;112.38416299670304;110.61564736759816;113.73277295266348;11;7;7;6;7;10;11;7;9;4;3;7;7;8;5;5;6;4;2020-06-14
2020-06-15;112.83369964868986;111.66022917234349;110.11931800976515;113.72508587591452;7;8;9;6;8;5;11;7;7;8;5;6;8;6;5;4;7;7;2020-06-15
2020-06-16;111.1465921181507;110.9242989339144;109.54883762713386;112.59149781568665;5;5;8;1;7;5;5;6;6;5;4;6;3;6;4;4;6;6;2020-06-16
2020-06-17;110.38076986913822;109.46460947922438;108.61078552528643;110.59049333188959;9;7;8;8;10;4;7;5;8;8;5;9;6;6;6;7;10;7;2020-06-17
2020-06-18;109.31135902595346;110.10933194684293;108.66642200770033;111.74996099285087;5;3;6;7;9;5;8;5;6;6;5;9;4;6;4;6;7;5;2020-06-18
2020-06-19;110.29651781115257;109.42517532044447;108.1558432867273;111.93993592653874;6;10;8;9;8;10;8;8;4;10;7;7;12;8;7;6;7;6;2020-06-19
2020-06-20;109.31575014512403;109.35947644518207;108.1460716185712;109.81878624625183;12;5;10;11;8;7;10;9;9;10;10;10;13;10;10;7;10;4;2020-06-20
2020-06-21;109.6875548745176;110.71861789033808;109.28171092148189;111.29435470336784;8;14;9;6;9;11;6;10;5;6;11;8;13;8;15;5;9;6;2020-06-21
2020-06-22;111.1504205001104;111.87289823336111;110.97257982731021;113.4503060984515;5;3;7;4;4;7;4;6;8;7;10;8;5;9;6;7;6;9;2020-06-22
2020-06-23;112.04070758071116;112.6009111186147;112.00709536843695;113.45667804311618;12;6;10;6;8;8;13;7;11;11;7;8;5;5;11;6;5;6;2020-06-23
2020-06-24;112.42074966082491;110.77940671577687;110.07041851279591;113.15148453362026;10;10;14;13;8;3;11;4;8;7;13;6;9;6;8;12;7;8;2020-06-24
2020-06-25;110.51353613965901;111.486055257688;110.50248478604504;111.63098712952299;9;9;7;9;7;8;7;9;7;10;7;11;7;9;8;6;9;6;2020-06-25
2020-06-26;111.53064967979107;111.66448645940683;111.45257822501522;112.1781430971201;3;4;8;4;5;6;6;6;3;5;5;8;6;6;5;7;7;6;2020-06-26
2020-06-27;111.36299234596643;111.26276565285507;110.0054964009778;112.1536695916228;2;3;4;5;3;2;3;5;4;3;5;5;3;3;4;2;5;2;2020-06-27
2020-06-28;111.64105905607478;111.28380766709535;110.50482101342568;112.44487468127853;6;6;5;10;6;10;7;6;8;10;10;7;9;8;6;9;7;8;2020-06-28
2020-06-29;111.12801033636141;109.7389102071569;108.58665164998176;111.53918397460595;6;7;8;7;9;9;10;9;7;4;10;6;8;5;8;7;9;11;2020-06-29
2020-06-30;109.29995456632828;110.50225406655788;109.21251460267521;110.69010789847104;5;4;6;4;6;4;2;5;4;4;3;4;7;3;4;4;5;2;2020-06-30
2020-07-01;110.55750519359115;109.72832390463923;109.24551927945882;112.20481202097565;7;8;7;6;6;7;8;8;6;7;7;7;8;6;10;5;9;5;2020-07-01
2020-07-02;110.15626436786732;108.6911860517747;108.56075662851256;111.5001707931553;9;8;9;6;5;7;4;6;2;5;8;6;8;4;7;7;2;5;2020-07-02
2020-07-03;108.33250513780384;108.32167188729005;108.01837120600564;108.58166989962078;3;2;1;3;3;3;5;1;4;2;3;4;3;2;2;5;3;5;2020-07-03
2020-07-04;108.44082572636609;107.21544439565815;106.53998709596551;108.831212698981;5;7;8;2;9;5;4;4;5;7;5;7;5;2;6;6;6;5;2020-07-04
2020-07-05;107.55853381772427;108.61260744913797;106.85940334790907;109.69873352362934;11;9;2;7;8;12;11;7;10;11;9;7;12;3;6;7;7;4;2020-07-05
2020-07-06;108.40624349498461;109.63123404647794;107.60403729312172;111.17703444653328;5;5;7;3;4;8;6;8;6;4;5;4;6;7;6;4;6;9;2020-07-06
2020-07-07;109.35715596136176;109.13844164943903;108.04705723294464;110.50540609895604;7;5;7;9;4;7;7;7;5;8;7;4;6;5;7;6;7;6;2020-07-07
2020-07-08;108.78919863616083;108.06031100529854;107.19582851725616;109.77918034374991;4;3;2;8;4;3;7;8;7;5;7;3;9;3;5;7;4;6;2020-07-08
2020-07-09;107.73613007228265;107.78999813731879;106.38942844637911;108.00557813359343;5;6;5;5;6;3;7;5;6;6;5;5;4;5;1;6;5;3;2020-07-09
2020-07-10;107.54208114160296;106.18705091921878;106.17643221412686;107.96149525805522;11;9;8;7;3;9;9;10;11;7;9;4;11;11;12;6;8;7;2020-07-10
2020-07-11;106.0065329326561;107.32101394102104;104.74505519075748;108.67325871667789;6;4;5;6;6;7;5;7;5;7;3;6;5;5;6;5;6;7;2020-07-11
2020-07-12;106.79514097271003;107.77765626965898;106.32524235243011;109.23265462929938;4;7;7;8;7;5;6;7;6;7;6;5;5;7;7;8;9;9;2020-07-12
2020-07-13;108.20876689473761;109.31249631706393;107.25652974606392;110.54772752544676;9;8;7;8;11;7;8;8;7;6;8;7;6;11;8;9;5;8;2020-07-13
2020-07-14;109.55298380896147;109.09286127696383;107.936476947428;110.33080999400511;8;6;9;8;8;5;10;11;9;10;7;5;8;6;7;3;5;9;2020-07-14
2020-07-15;108.6128526873452;109.56864579099383;108.4282108377767;109.73299875968033;5;11;8;7;10;11;11;4;9;6;10;8;8;12;5;9;7;8;2020-07-15
2020-07-16;109.27281044735814;108.36584612064507;108.00823882844695;110.16884749302648;5;7;5;6;7;4;5;9;7;6;6;5;4;7;6;8;5;3;2020-07-16
2020-07-17;108.06242175150726;108.473058954163;106.76567269048917;109.9374452500442;7;9;7;9;8;9;7;13;12;11;9;9;11;10;10;7;7;9;2020-07-17
2020-07-18;108.00662480066009;107.15337246473487;106.91763504531245;108.5790599121036;5;4;5;3;5;2;7;7;4;7;2;8;8;6;6;5;4;8;2020-07-18
2020-07-19;106.78905099835478;105.57165581697355;105.3499553397579;107.034665815651;6;7;7;8;5;5;6;7;5;6;7;5;6;5;9;2;7;5;2020-07-19
2020-07-20;105.20215502161415;104.2868962729261;103.5777453782702;106.0332520462849;5;9;13;8;7;11;10;11;10;12;8;10;7;10;8;9;12;10;2020-07-20
2020-07-21;104.20346675590775;102.95302515483687;102.54121305421752;105.65189494381488;14;7;14;7;8;10;8;10;9;9;10;6;9;12;7;11;13;11;2020-07-21
2020-07-22;103.33395134790976;104.05728900734512;102.58994689820481;104.54635826567963;11;10;7;6;6;5;11;10;11;4;11;11;9;7;12;6;11;11;2020-07-22
2020-07-23;103.85958015823117;102.77944052458557;102.3991565946446;103.86996611624699;8;6;5;7;9;8;10;7;10;7;11;7;8;4;5;7;3;6;2020-07-23
2020-07-24;102.47110220301181;103.58803721702463;101.06724810283055;104.89324648595914;7;4;8;4;6;8;7;7;4;6;11;7;6;9;8;6;6;8;2020-07-24
2020-07-25;103.74341927285018;105.2476988523065;102.7474824478308;105.39504563069974;7;6;11;9;5;6;8;4;3;8;4;6;8;6;6;1;8;7;2020-07-25
2020-07-26;104.9424805256348;105.28879071136942;104.1973889139028;106.25744758591402;1;7;3;4;7;6;4;5;5;6;2;4;4;4;5;4;3;3;2020-07-26
2020-07-27;105.33090622765395;106.3526160180622;103.89840590295786;107.1821664230031;10;5;9;8;8;8;4;5;8;4;6;4;5;9;6;12;4;7;2020-07-27
2020-07-28;106.28880444845136;107.79810547161937;104.85390558839727;107.90590357709097;12;7;11;10;8;13;8;3;12;12;11;7;11;6;11;7;11;8;2020-07-28
2020-07-29;107.48549096575167;106.32464766332154;105.35709336958531;107.88318728232495;13;13;10;9;8;14;10;8;8;12;12;11;9;11;10;11;11;12;2020-07-29
2020-07-30;106.6117242120125;106.09998793579484;106.05754794062052;108.20023890277147;12;8;9;12;7;8;8;11;8;5;10;7;12;10;6;9;6;10;2020-07-30
2020-07-31;105.68619798284524;106.93329511904282;104.97810045636018;107.52142824219757;9;13;11;11;11;13;5;8;8;6;10;9;10;12;13;7;8;10;2020-07-31
2020-08-01;106.75150851734045;107.08243819374422;106.52733034945405;107.47864321506108;6;4;6;6;5;5;8;7;4;8;10;6;7;6;7;3;5;6;2020-08-01
2020-08-02;106.73977439152425;108.04199963910085;106.09933574517511;109.6086086338678;5;7;6;7;2;3;7;9;7;5;7;6;5;7;6;5;7;7;2020-08-02
2020-08-03;107.94476183942565;107.58854412535555;106.31899930467635;108.5384580295425;11;5;6;7;5;3;5;4;8;6;6;8;3;4;5;7;8;7;2020-08-03
2020-08-04;107.63157954300569;106.16779006122081;105.20166317166371;107.65310585891429;8;9;11;7;11;7;10;11;7;8;7;7;7;8;9;9;6;7;2020-08-04
2020-08-05;105.67941822693919;106.38747032905968;105.54203498324418;106.7598264752114;10;14;13;9;10;10;13;10;6;10;10;7;8;7;8;10;6;6;2020-08-05
2020-08-06;106.78110396927721;107.20822838515431;105.55312127363052;107.79787364127267;8;4;6;6;5;7;8;8;7;10;4;7;6;5;6;8;5;7;2020-08-06
2020-08-07;107.09029933393064;108.6859447940062;106.82257358559582;109.92496456465788;7;9;6;9;6;7;5;11;6;6;3;11;6;9;7;9;8;3;2020-08-07
2020-08-08;108.88157949463542;108.15207291202135;107.78435586412049;109.46954002390646;6;5;8;8;6;5;6;7;5;6;3;7;4;4;8;9;7;5;2020-08-08
2020-08-09;107.94658397348852;109.41465751552796;107.52559229599191;110.47597969342858;10;7;4;7;9;6;2;9;3;6;6;7;4;6;7;6;9;7;2020-08-09
2020-08-10;109.44748191278262;110.32306176808488;109.06441572608789;111.22771087458318;5;9;6;6;11;12;6;7;9;6;8;6;6;8;6;7;9;4;2020-08-10
2020-08-11;110.28996484955447;111.33771951562524;109.19809419754388;111.99461206076742;3;0;1;1;2;3;1;2;1;1;2;3;2;2;2;2;2;1;2020-08-11
2020-08-12;111.6717326741721;111.30321595634734;110.62426633901363;113.04529498606442;7;10;9;7;6;7;5;9;4;6;7;7;8;3;9;7;10;7;2020-08-12
2020-08-13;111.50356174506877;113.13151374654676;110.6003828949337;114.31939464088549;11;7;12;7;10;9;10;9;8;10;9;11;10;7;9;10;7;11;2020-08-13
2020-08-14;113.41434253091312;113.65251265022803;113.23287958286365;113.86845242426347;4;5;7;7;6;7;5;8;5;4;7;7;3;7;7;6;7;8;2020-08-14
2020-08-15;113.41384237366256;114.06030127519244;112.17763149178964;114.19717363672268;1;2;1;1;3;3;1;3;2;4;2;1;1;2;4;3;3;3;2020-08-15
2020-08-16;114.00327112455486;114.01467145166731;113.72966327385593;114.67595654608698;7;6;5;6;8;6;8;5;4;6;5;6;3;7;4;3;5;6;2020-08-16
2020-08-17;113.44459809440897;113.69417621021667;111.89040710051556;114.04662815646834;6;5;6;5;6;3;4;4;1;4;1;5;6;4;3;4;4;3;2020-08-17
2020-08-18;114.1830611679206;112.63017153603688;111.54892188929092;115.5989311264028;10;9;9;7;9;8;4;7;7;10;5;8;7;12;8;8;10;7;2020-08-18
2020-08-19;112.31480705573598;112.76406628395893;112.25864965220812;114.26382836553559;9;7;6;5;4;6;7;7;4;4;7;7;9;7;8;6;10;6;2020-08-19
2020-08-20;112.8317247237293;113.50871507207167;111.60185892424064;114.80271442389329;7;6;6;4;4;7;9;6;6;5;6;5;3;5;4;6;6;4;2020-08-20
2020-08-21;113.55411855810048;114.82592468595122;113.37243196840751;115.22781542235205;3;4;3;6;9;5;7;2;3;5;6;2;5;9;7;5;5;5;2020-08-21
2020-08-22;114.60775542904791;113.06055073075576;112.41610559159045;115.37562739042252;8;6;9;7;8;8;7;10;9;7;7;9;14;7;7;8;8;6;2020-08-22
2020-08-23;113.02663256553654;113.5239497488249;111.61379965846734;114.19374105234297;6;2;5;4;4;4;3;5;5;3;3;2;4;2;3;2;5;3;2020-08-23
2020-08-24;113.73964525334767;115.35474821594521;112.55675294271286;116.90050184203888;6;8;5;8;10;8;9;7;9;8;5;13;10;5;4;8;10;12;2020-08-24
2020-08-25;115.47010296416114;115.41236791267907;115.13537822968865;115.83960729364647;8;5;7;11;7;6;11;6;9;10;6;8;9;9;7;8;8;9;2020-08-25
2020-08-26;115.3315792551402;114.2705287259929;114.0876958800313;116.15043346785171;4;4;7;9;6;4;5;5;8;9;5;6;5;5;3;8;3;5;2020-08-26
2020-08-27;114.06484177428611;114.8632956667061;113.61998889136639;115.66733873637303;5;4;7;3;1;3;5;4;5;5;3;5;4;4;3;6;4;3;2020-08-27
2020-08-28;114.4268151431726;115.84570765094794;113.09946408751179;116.29750591078664;8;11;8;8;7;8;11;3;8;4;9;8;11;8;10;10;8;11;2020-08-28
2020-08-29;115.52133966952529;115.23253632035149;114.10325746441204;116.5148231906832;6;7;5;5;6;5;4;2;6;5;5;3;5;7;4;4;5;3;2020-08-29
2020-08-30;115.63585019747272;114.86109000114965;114.25232622414356;116.49155548893403;6;4;8;6;5;3;5;4;5;5;9;6;4;8;4;5;7;5;2020-08-30
2020-08-31;115.38945101515493;115.05482160721098;114.83621744615728;116.93566965875802;8;8;13;9;11;5;8;7;10;11;8;8;7;11;8;8;10;11;2020-08-31
2020-09-01;115.02030516072882;115.95196963253073;114.47970972647339;116.9955373592235;8;3;5;6;8;8;12;10;7;6;8;8;6;8;9;4;3;7;2020-09-01
2020-09-02;115.72006569326567;116.32181003487067;114.6901571085956;117.39197068719149;9;8;6;9;12;10;11;7;12;8;11;11;9;9;11;8;8;11;2020-09-02
2020-09-03;116.3799709398881;116.41488493117006;116.17048699219629;116.63607321253929;7;6;13;4;10;9;8;7;9;9;10;7;9;8;8;7;9;9;2020-09-03
2020-09-04;116.60114874705994;117.16083426104582;115.48177771908816;117.79350276605548;3;2;5;4;4;3;5;1;4;4;2;4;5;3;2;2;5;3;2020-09-04
2020-09-05;116.82106784168879;115.57108241578271;115.4670684416085;118.05937116081068;4;6;3;7;3;5;3;5;5;3;7;7;4;5;6;7;1;1;2020-09-05
2020-09-06;115.81378168885585;115.01466659520274;114.80764019533137;116.35810646279347;7;10;8;5;11;8;12;11;9;7;7;12;8;8;6;8;8;10;2020-09-06
2020-09-07;114.64661966209809;116.33192497113093;114.05045723985518;116.83215224850679;8;9;5;8;7;6;9;4;4;6;8;7;6;6;4;8;9;7;2020-09-07
2020-09-08;116.12252750618289;117.42309981425215;115.6812619016594;117.51703829410354;10;9;11;7;10;8;10;12;11;11;8;13;11;13;12;10;14;11;2020-09-08
2020-09-09;117.65794601388066;117.08142207841264;116.69505338555389;117.98738826271952;8;12;9;4;9;8;5;5;10;9;7;12;11;10;11;9;6;5;2020-09-09
2020-09-10;117.51462334010277;118.65451518650177;116.56275489104794;119.05794053813588;6;6;6;4;7;7;8;5;8;7;8;9;6;8;7;2;4;5;2020-09-10
2020-09-11;119.10540234421048;119.36743422936773;117.41410563092269;119.48680166359709;7;1;6;5;4;3;4;5;5;5;5;4;8;7;2;7;4;10;2020-09-11
2020-09-12;119.15257284775487;119.18831861960919;117.44869105603198;120.53514662001079;4;6;7;8;5;3;5;4;6;4;6;7;7;7;6;3;4;6;2020-09-12
2020-09-13;119.0333738054037;119.37857058943936;117.81923339258859;119.56957630238247;12;10;8;12;7;4;12;5;12;10;7;9;10;8;9;8;8;11;2020-09-13
2020-09-14;119.9635255853276;120.93523014256876;119.66361677136429;121.91480550672357;9;7;9;6;6;11;6;4;5;3;7;6;5;7;10;8;5;6;2020-09-14
2020-09-15;120.72964025132639;120.66927543120073;119.58325195231993;121.61096662516108;4;10;4;9;9;3;6;7;9;6;6;6;6;7;10;7;8;9;2020-09-15
2020-09-16;120.4158699527952;121.45144643438924;119.28396077523894;123.01817009339285;7;6;5;11;8;8;8;8;6;10;7;12;6;5;6;8;7;5;2020-09-16
2020-09-17;121.50002701296299;120.19997672392428;120.1639167309071;121.7794770750928;5;10;8;8;8;9;10;10;10;9;10;9;14;9;9;6;5;8;2020-09-17
2020-09-18;119.77927680539055;120.83333444127798;119.64751960090463;121.51000111414915;15;17;13;15;20;16;10;17;16;9;13;15;13;14;14;14;14;17;2020-09-18
2020-09-19;121.29250111215484;120.89223585848472;119.8404734065159;121.52295686426794;4;6;4;8;7;6;7;9;10;5;8;9;9;7;9;9;7;6;2020-09-19
2020-09-20;120.67462983393945;120.26433609250405;119.14587776684377;121.64002687261096;1;2;3;4;2;1;4;4;1;3;5;2;5;2;3;4;3;3;2020-09-20
2020-09-21;119.79530518174329;120.89742198941534;119.79530518174329;122.33610131108938;7;9;7;7;5;11;8;9;8;7;9;6;4;9;7;11;8;8;2020-09-21
2020-09-22;120.84906302061957;119.03632707531027;118.64350719596175;121.48956305462886;6;9;9;9;10;8;8;8;6;10;8;10;6;6;12;4;8;5;2020-09-22
2020-09-23;118.53637450159397;117.71847351753297;116.50597324030238;119.97066463306325;7;5;6;4;4;6;7;7;3;4;4;4;3;6;6;5;5;5;2020-09-23
2020-09-24;117.70670167018122;119.26043013222763;116.40015728164221;120.76311155189369;12;7;10;9;10;2;11;10;11;10;9;6;10;9;9;10;8;8;2020-09-24
2020-09-25;119.59435933659785;118.87679318057826;117.91389115581558;121.11320770017264;4;8;6;2;4;6;10;3;5;4;7;3;6;5;7;7;5;7;2020-09-25
2020-09-26;119.04322069103108;117.49565882204767;115.78022220324578;120.10270535518124;3;9;6;9;7;8;5;5;6;3;7;5;6;4;5;2;6;6;2020-09-26
2020-09-27;117.95389189145367;116.85692069686314;115.22092380710706;118.69700141036982;9;8;5;9;10;14;9;12;12;10;8;13;9;5;9;8;7;5;2020-09-27
2020-09-28;116.8919777730722;117.42968087082832;115.34900366646765;119.14415421154241;11;7;9;10;8;8;5;12;15;10;12;11;7;9;7;9;11;11;2020-09-28
2020-09-29;117.7115121049183;116.79336231049993;115.19329324684608;119.28884636712421;10;6;7;8;5;5;5;4;8;7;8;6;8;5;8;7;6;6;2020-09-29
2020-09-30;117.36564978582138;118.43367719887236;115.94552542341293;119.25086957154457;7;7;3;4;2;3;5;3;3;4;4;6;5;6;6;4;5;6;2020-09-30
2020-10-01;118.90741190766785;117.26648962334203;116.949870101359;119.76354527340307;7;6;7;4;5;4;6;6;8;5;5;5;7;7;7;5;7;5;2020-10-01
2020-10-02;117.43066270881471;117.25451671475149;115.7419334491312;118.75762919742432;4;3;5;5;5;6;4;4;6;5;4;4;5;3;3;6;3;6;2020-10-02
2020-10-03;117.33659487645181;117.16058998413715;115.5789220193513;118.65076473906808;8;8;7;8;9;9;6;5;10;7;6;9;6;6;8;11;5;9;2020-10-03
2020-10-04;117.45349145909748;116.56084492400834;115.64001424910867;118.3109019467489;12;6;12;9;12;9;6;13;11;9;6;10;11;5;6;11;10;8;2020-10-04
2020-10-05;116.81727878284116;116.09301165438754;115.69829541476263;117.65836319007762;4;3;7;5;7;5;4;3;4;3;8;6;5;6;4;7;1;2;2020-10-05
2020-10-06;115.58220240310824;116.72646620689902;115.07364071253457;116.7498115001404;7;6;7;7;9;7;8;8;5;6;8;12;6;9;7;12;11;7;2020-10-06
2020-10-07;117.27508059807144;118.31882881539427;116.59488513060262;119.65583158100823;8;10;7;11;12;7;10;12;11;11;7;13;12;7;12;9;12;11;2020-10-07
2020-10-08;117.95204044606655;117.60997952877295;117.31595457995103;118.17614932291407;6;5;3;5;5;6;5;6;4;5;7;5;7;8;7;3;6;7;2020-10-08
2020-10-09;117.68054551649021;116.73910115235829;116.57566641074499;117.99828298938473;7;9;5;4;7;8;7;6;6;7;6;7;7;4;4;6;8;6;2020-10-09
2020-10-10;116.83249243328017;118.49151382583274;115.78100000138065;118.87068667007541;7;6;3;8;8;5;4;4;6;4;4;6;6;5;6;6;5;5;2020-10-10
2020-10-11;118.71664770210182;117.42263624214891;116.389317043218;120.4499107585525;5;8;3;5;3;10;6;9;9;7;6;6;7;8;8;7;6;10;2020-10-11
2020-10-12;117.77490415087534;118.22244878664867;116.36160530106484;119.27462858084984;6;7;6;4;8;7;8;10;8;6;4;9;5;9;8;5;5;8;2020-10-12
2020-10-13;118.51800490861528;118.62467111303303;116.92986364283985;119.69229315305031;3;4;7;7;6;4;11;9;6;2;6;4;5;4;6;8;7;8;2020-10-13
2020-10-14;118.42300917214087;119.32302404184914;117.12035607124731;120.36113435101322;6;4;4;3;6;9;2;5;6;4;5;5;3;6;3;5;7;8;2020-10-14
2020-10-15;118.82186734087337;117.81188146847595;116.55129433676325;120.1051435081548;7;6;8;10;9;10;7;7;9;5;9;9;8;5;7;9;6;14;2020-10-15
2020-10-16;117.51735176480476;117.36457920751052;117.00074901196723;118.01092464221693;6;6;6;6;7;7;9;8;4;5;8;7;3;6;10;6;7;5;2020-10-16
2020-10-17;117.41152503919352;118.50345222205803;116.613126668927;119.60553432772318;9;12;5;12;13;9;8;12;8;9;10;11;6;14;11;11;9;9;2020-10-17
2020-10-18;118.97746603094626;117.64491841139966;116.64493660490277;119.38198941545149;8;8;11;9;5;5;7;8;5;8;8;8;6;9;6;9;8;5;2020-10-18
2020-10-19;118.16255605240981;118.35161614209368;117.1227255591486;118.36345130370789;5;5;9;8;9;10;6;12;11;9;6;6;11;12;10;7;7;10;2020-10-19
2020-10-20;118.58831937437786;120.36714416499352;117.35500085288433;121.85969675263944;9;5;5;6;8;7;8;8;5;6;6;4;6;7;6;10;5;8;2020-10-20
2020-10-21;120.37918087941001;121.9561481489303;118.71794818327415;123.32205700819833;10;8;7;6;8;8;8;7;9;7;7;7;8;6;6;8;6;6;2020-10-21
2020-10-22;121.98053937856008;121.29744835804014;120.96994524747343;122.20010434944149;5;6;5;5;1;9;5;7;6;4;5;5;4;4;7;3;5;6;2020-10-22
2020-10-23;120.73948009559315;121.65710014431967;120.23237427919166;122.764179755633;7;8;2;7;5;6;9;10;8;9;3;8;8;6;5;5;5;9;2020-10-23
2020-10-24;121.65710014431967;123.12915105606594;119.88090648221261;123.84330013219112;7;10;6;7;6;6;7;9;7;10;6;9;6;5;7;6;7;9;2020-10-24
2020-10-25;123.22765437691078;122.72242099396544;122.04744767849864;123.85611541423303;4;5;2;4;4;4;5;4;4;4;2;4;6;4;3;4;2;5;2020-10-25
2020-10-26;122.1947145836914;122.1947145836914;121.36379052452229;123.19671124327766;4;5;4;6;5;1;5;4;4;4;3;3;1;5;4;5;6;3;2020-10-26
2020-10-27;122.57351819890084;120.82071688865656;119.97497187043597;123.92182689908874;11;7;6;11;10;14;9;9;10;9;10;7;9;11;11;10;12;6;2020-10-27
2020-10-28;120.67573202839017;121.60493516500878;119.1672853780353;122.80882402314238;9;12;8;11;7;7;8;9;7;13;10;12;10;9;10;9;9;10;2020-10-28
2020-10-29;121.8481450353388;123.41998610629466;121.48260060023279;124.93805193540209;8;7;11;9;7;8;7;7;11;8;7;8;10;4;10;9;9;8;2020-10-29
2020-10-30;123.67916807711788;124.60676183769627;122.47948014676983;124.83105400900412;9;10;9;11;5;7;8;6;8;7;8;8;10;7;11;4;9;8;2020-10-30
2020-10-31;124.35754831402087;122.79064320526422;121.52589958025;124.79279973311995;5;10;4;5;9;5;5;8;5;8;4;7;5;8;7;2;10;8;2020-10-31
2020-11-01;123.09761981327738;123.40536386281056;123.09761981327738;125.1453794932762;5;5;6;6;8;4;4;4;6;7;3;3;7;4;3;7;1;5;2020-11-01
2020-11-02;122.98578562567701;121.95270502642133;120.34292932007257;124.5968994173734;2;6;4;4;4;5;2;3;6;2;4;5;4;3;3;3;2;5;2020-11-02
2020-11-03;122.41612530552173;121.14299760234431;119.9073390268004;124.05650138461573;11;9;6;10;10;8;9;10;7;11;8;13;8;13;14;8;6;6;2020-11-03
2020-11-04;120.74322571025658;118.94415164717375;118.52784711640865;122.09554983821147;6;5;5;6;6;7;5;5;7;2;5;4;3;2;1;5;7;7;2020-11-04
2020-11-05;119.06309579882091;120.58710342504581;117.82483960251318;121.05739312840349;6;4;7;3;2;6;1;5;5;5;5;5;4;3;7;2;2;6;2020-11-05
2020-11-06;120.27357695614069;119.99694772914157;119.79295291800202;121.84916081426614;3;4;7;9;8;7;10;3;3;7;7;9;6;6;7;5;9;5;2020-11-06
2020-11-07;119.61295749640831;119.03881530042555;118.1817358302625;120.06748673489467;5;6;9;9;9;7;7;7;8;6;7;8;7;10;5;8;9;6;2020-11-07
2020-11-08;118.91977648512513;120.38248973589216;118.25382573680842;120.61121646639036;10;8;11;11;9;13;12;13;10;11;11;11;8;7;9;9;10;11;2020-11-08
2020-11-09;120.51491047460166;120.63542538507625;118.82770172795723;122.33638488300582;5;5;6;7;7;5;2;5;8;4;5;6;4;4;6;8;3;4;2020-11-09
2020-11-10;120.99733166123146;121.79591405019558;120.80373593057348;122.64848544854694;5;7;9;8;5;6;7;8;5;9;6;4;6;6;6;7;9;8;2020-11-10
2020-11-11;121.28437121118476;121.13882996573135;120.99346336977247;123.0187377195047;6;12;7;9;5;7;6;4;5;5;9;7;6;7;8;10;9;8;2020-11-11
2020-11-12;121.09037443374505;119.78259838986061;118.60872892563997;122.80985775070424;9;8;8;8;8;9;8;9;8;9;10;9;9;4;10;8;9;8;2020-11-12
2020-11-13;120.03414184647932;119.96212136137142;119.6022349972873;121.5345686195603;9;7;9;7;7;8;7;10;9;8;8;8;6;7;9;10;8;11;2020-11-13
2020-11-14;120.07008727059664;118.97744947643422;117.43074263324057;121.46290028293558;10;6;10;8;8;7;6;7;4;10;9;6;8;5;4;9;4;4;2020-11-14
2020-11-15;119.28679084507294;118.01042218303066;116.40548044134144;120.84944780514341;5;6;4;4;5;4;4;6;5;8;7;7;8;5;9;6;5;4;2020-11-15
2020-11-16;118.19923885852351;117.0881660132534;116.13975186854604;118.23469863018107;10;8;13;8;4;11;7;12;7;12;7;9;10;10;9;4;10;9;2020-11-16
2020-11-17;116.87740731442955;118.51369101683156;115.48656616738783;119.62771971238979;6;6;7;5;7;5;5;7;6;10;8;3;4;4;7;8;4;5;2020-11-17
2020-11-18;118.48998827862819;120.30288509929122;117.61316236536635;121.7826105860125;5;7;4;3;3;3;5;2;2;5;6;4;2;5;1;4;4;2;2020-11-18
2020-11-19;120.50740000396002;119.21797082391764;118.27614885440869;120.63995814396438;13;13;9;10;13;9;12;6;12;13;10;12;10;12;15;11;11;12;2020-11-19
2020-11-20;119.19412722975285;120.26687437482062;118.66967306994195;120.48335474869529;6;6;8;6;8;9;5;7;6;9;7;4;6;7;7;10;3;8;2020-11-20
2020-11-21;120.02634062607098;120.17037223482227;119.03012199887459;121.40812706884094;6;6;7;6;7;6;7;6;5;3;8;8;6;7;5;6;6;6;2020-11-21
2020-11-22;120.05020186258744;120.7344880132042;119.31789563122565;121.72451081491248;6;7;8;6;9;12;5;6;9;9;8;9;6;5;7;6;9;9;2020-11-22
2020-11-23;120.17910936834346;121.75345570106877;119.43399889025973;123.372776661893;6;5;6;7;9;7;6;8;6;6;7;4;6;7;5;4;5;4;2020-11-23
2020-11-24;121.9726119213307;122.24095166755762;120.41136248873767;123.67117080206805;8;9;6;6;9;7;12;8;9;10;7;8;7;8;5;13;6;8;2020-11-24
2020-11-25;122.06981433522304;120.27538806449526;118.59153263159233;123.31492644144231;5;9;4;7;6;5;4;6;6;5;5;9;8;11;3;5;5;6;2020-11-25
2020-11-26;120.25133298688236;118.61591485826077;117.9991121009978;120.34753405327186;5;6;6;6;8;6;4;5;4;8;8;5;7;8;7;7;7;4;2020-11-26
2020-11-27;118.79383873054816;117.08320745282828;116.84904103792262;120.0174152694728;11;10;11;8;15;13;13;11;9;10;9;10;10;13;10;8;11;12;2020-11-27
2020-11-28;116.60316630227167;117.74587733203394;115.44879495587918;118.65252058749061;7;8;7;2;9;7;3;9;10;5;6;7;6;5;5;8;5;7;2020-11-28
2020-11-29;117.80475027069996;116.65026371804709;115.44876600175121;119.02991967351522;4;6;4;7;8;3;8;9;8;6;9;7;8;9;7;9;7;6;2020-11-29
2020-11-30;116.39363313786738;115.15986062660598;113.58217053602147;116.77773212722235;11;4;8;6;6;4;4;3;5;6;4;6;5;5;2;7;6;7;2020-11-30
2020-12-01;115.17137661266864;113.75476868033282;112.35558502556472;115.22896230097497;9;6;7;6;6;6;7;6;8;9;7;5;7;7;8;7;7;6;2020-12-01
2020-12-02;114.28941609313037;114.02655043611617;112.44158138505415;114.47227915887939;17;13;8;8;10;13;12;10;10;12;13;11;15;13;12;12;8;8;2020-12-02
2020-12-03;113.74148406002588;112.16047743159152;112.13804533610521;114.00308947336394;5;9;8;9;7;8;7;6;10;7;10;8;8;9;6;4;8;8;2020-12-03
2020-12-04;112.04831695415993;112.17157010280951;111.27518356717623;112.68755932528242;9;8;6;3;6;5;6;6;0;5;4;3;7;6;4;6;8;5;2020-12-04
2020-12-05;112.38469608600485;113.37368141156169;112.38469608600485;114.47340612125384;8;5;7;3;2;8;9;9;11;7;7;9;9;7;7;7;5;5;2020-12-05
2020-12-06;113.62310351066712;113.81626278663526;113.38449499329472;115.50074347587746;8;5;5;4;6;2;4;9;4;7;5;5;4;3;4;5;3;6;2020-12-06
2020-12-07;113.49757725083268;114.14451344116243;111.99940923112169;114.7494793624006;8;11;11;7;7;7;11;9;8;7;10;11;10;10;9;9;5;9;2020-12-07
2020-12-08;114.28148685729184;114.91003503500696;112.91010901500434;115.6339682557275;9;11;9;14;8;8;9;7;7;9;5;6;8;5;8;5;7;6;2020-12-08
2020-12-09;114.41592188435644;113.79807590618091;113.06976822038136;114.64475372812515;5;12;10;7;9;8;11;8;8;7;9;8;9;5;11;7;9;10;2020-12-09
2020-12-10;114.07119128835575;112.78218682679733;111.1242886804434;115.64537372813506;9;6;6;6;8;7;7;4;6;7;6;10;11;8;4;4;5;9;2020-12-10
2020-12-11;112.97391654440288;112.46553391995307;111.83572693000133;113.71954439359594;8;10;11;10;11;7;10;10;9;8;9;8;5;9;9;7;8;9;2020-12-11
2020-12-12;112.45428736656108;114.02864738969294;110.86868191469256;114.8610565156377;5;5;6;6;9;6;6;5;7;6;7;5;6;9;7;7;6;5;2020-12-12
2020-12-13;114.01724452495397;114.38209970743382;113.70939796473658;114.61086390684869;9;8;12;8;9;12;12;8;10;9;8;8;9;12;6;11;10;12;2020-12-13
2020-12-14;114.18765013793119;115.6606708247105;113.13712375666222;116.92137213669983;5;8;7;9;7;8;5;5;5;6;8;8;14;9;9;9;11;8;2020-12-14
2020-12-15;116.05391710551451;117.27248323512241;115.04424802669654;118.91429800041412;8;4;5;7;6;4;5;6;9;5;6;7;4;6;4;8;5;7;2020-12-15
2020-12-16;117.60084618818074;118.23589075759692;116.15435578006611;119.70201580299111;4;5;5;4;5;6;3;3;5;6;8;7;4;5;8;5;9;7;2020-12-16
2020-12-17;117.99941897608173;117.55102118397261;116.51657219755364;118.48321659388367;8;4;8;8;11;7;8;8;8;5;5;5;6;7;6;8;3;5;2020-12-17
2020-12-18;118.05649057506369;118.22176966186879;117.85579454108608;119.55767565904792;5;5;6;6;7;6;7;3;5;9;7;4;4;5;5;6;5;5;2020-12-18
2020-12-19;117.97350394557887;119.04706283148364;117.4308258274292;119.07087224404994;8;8;4;7;7;6;9;8;7;5;5;7;4;5;6;7;4;5;2020-12-19
2020-12-20;119.46372755139384;120.71809669068348;119.28453196006676;120.91124564538858;5;4;6;7;5;7;7;4;3;6;6;5;6;7;6;9;5;6;2020-12-20
2020-12-21;120.87503021638138;119.63001740515266;118.6490512624304;122.48266811825926;8;6;6;11;13;4;11;12;10;9;7;9;5;5;7;10;10;7;2020-12-21
2020-12-22;119.40272037208287;117.8504850072458;116.3655688961545;120.21465887061302;8;7;9;9;8;8;9;9;7;7;7;6;11;10;8;8;7;7;2020-12-22
2020-12-23;118.27474675327188;119.12632492989545;118.15647200651861;120.53201556406822;9;13;13;10;10;8;10;9;9;10;7;6;9;11;9;7;9;8;2020-12-23
2020-12-24;119.23353862233235;118.99507154508768;118.05501047988149;120.34241053152004;6;12;10;8;10;9;9;8;11;9;14;4;9;9;10;10;5;4;2020-12-24
2020-12-25;118.42389520167126;118.61337343399394;116.8962269535697;119.02852024101293;9;5;8;9;10;4;8;8;6;8;5;8;14;11;7;7;7;11;2020-12-25
2020-12-26;119.06410425304313;117.65914782285721;116.04721749768406;119.77848887856139;6;7;11;4;9;3;6;6;11;4;7;5;5;7;6;5;9;5;2020-12-26
2020-12-27;117.49442501590521;118.99835365610879;116.55446961577796;120.02173949755132;13;9;11;11;14;13;13;9;13;11;6;5;13;10;8;14;8;11;2020-12-27
2020-12-28;119.42674772927079;117.71894523674221;117.50705113531608;120.78821265338448;5;4;6;2;5;4;5;7;4;5;6;4;4;2;7;5;8;5;2020-12-28
2020-12-29;118.1427334395945;119.86761734781257;116.90223473847875;121.27006847078198;7;5;7;5;9;7;6;8;6;6;8;6;5;5;5;4;6;7;2020-12-29
2020-12-30;120.4190083876125;120.85251681780791;119.80487144483567;120.93711357958037;7;9;6;5;8;7;9;6;5;7;9;8;8;7;8;11;8;5;2020-12-30
2020-12-31;120.63498228753585;121.44323666886233;119.15117200539916;122.54837012254899;2;13;9;11;8;11;10;8;9;12;10;6;12;5;10;11;14;9;2020-12-31
2021-01-01;121.21249451919148;119.52764084537472;117.87815940170854;121.2246157686434;4;5;2;3;5;5;4;3;4;6;4;2;5;6;5;8;6;5;2021-01-01
2021-01-02;118.94195540523238;118.45429338807092;116.72486070460509;119.31067546698861;3;7;5;4;7;7;5;3;5;6;5;6;6;3;4;4;7;4;2021-01-02
